0.5392399999999999,-1.348691,-0.030658,-1.616904,0.8197260000000001,-1.80725,-1.462155,0.580333,-1.1022809999999998,1.800887
-1.3622040000000002,-0.877403,-0.8557290000000001,1.287683,-0.925518,0.604079,0.68774,-1.323375,0.930714,-1.05985
-0.587542,0.630721,-0.580706,0.908824,-0.700325,0.741869,1.225214,-1.323375,0.811126,-1.231494
0.398392,-2.479784,-0.305682,-1.743191,1.044918,-1.462774,-1.342716,0.223388,-1.401251,2.08696
0.046273,-1.348691,-2.505872,-0.985472,1.6079,-0.980509,-1.342716,0.401861,-1.162075,1.285954
-0.587542,0.724979,-0.8557290000000001,1.413969,-0.475132,1.086345,1.046056,-0.490503,0.751332,-1.288709
-1.010085,-0.500372,-1.314102,1.477112,-1.375903,0.535184,1.404372,-1.144902,1.648241,-0.716562
0.7505109999999999,-0.217599,2.169532,-0.985472,0.313042,0.25960300000000003,0.030828,1.05626,-0.384753,0.656592
1.45475,-0.59463,-0.214007,-0.985472,1.157515,-0.980509,-1.342716,1.591678,-1.1022809999999998,0.99988
0.6096630000000001,-1.065918,0.061016,-1.301188,1.270111,-1.324984,-1.223277,1.7701509999999998,-1.162075,0.99988
-0.446694,0.25369,-0.305682,0.782537,-0.981816,0.672974,0.807179,-0.906939,0.87092,-1.117065
0.7505109999999999,1.667556,2.077857,0.340535,0.200446,0.604079,0.030828,1.115751,0.213186,-0.544917
0.7505109999999999,-0.217599,-0.214007,-1.301188,1.382708,-1.876145,-1.103839,1.234733,-0.922899,1.400384
-0.164999,1.950329,-0.67238,0.656251,-0.5314300000000001,1.01745,0.5683020000000001,-0.252539,0.631744,-0.716562
0.5392399999999999,-0.971661,-0.580706,-1.238045,1.833093,-1.600565,-1.342716,0.580333,-1.221869,1.285954
-1.3622040000000002,-1.348691,-0.764055,1.413969,-1.0944120000000002,0.052917999999999986,0.926617,-1.263884,1.409065,-0.8882059999999999
-1.150933,-0.217599,0.061016,0.8456799999999999,-1.15071,0.121813,1.523811,-1.5018479999999998,1.528653,-1.117065
1.173054,1.196267,1.436135,0.340535,0.8197260000000001,0.672974,0.030828,0.6993149999999999,0.27298,0.5421630000000001
0.6096630000000001,-1.254434,-0.030658,-0.7960430000000001,1.157515,-1.187194,-1.223277,0.223388,-1.162075,1.629243
-0.587542,-0.406114,-0.397357,1.350826,-1.0944120000000002,0.328499,0.508582,-0.906939,1.169889,-0.773776
-1.221357,-0.59463,-1.222428,1.161396,-1.207009,0.190708,0.926617,-1.085412,1.588447,-1.05985
0.116696,-1.348691,-0.4890310000000001,-1.743191,1.044918,-0.704928,-1.402435,0.639824,-0.8631049999999999,1.800887
1.595597,-0.217599,1.619484,-0.669756,0.313042,-0.4982430000000001,-1.0441200000000002,0.996769,-1.221869,0.5421630000000001
-1.150933,-0.217599,-2.230848,0.782537,-1.207009,0.672974,1.046056,-1.323375,1.409065,-1.345924
-0.024151,1.196267,-0.305682,0.466821,-0.24994,0.948555,0.74746,-0.431012,0.392568,-0.373273
0.5392399999999999,-1.537207,0.244365,-1.553761,1.270111,-1.187194,-0.8649620000000001,0.8777879999999999,-1.221869,1.285954
0.18712,-1.631465,-0.305682,-0.985472,1.6079,-0.911613,-0.924681,0.223388,-1.221869,1.572028
-1.221357,-0.217599,-0.214007,0.656251,-1.038114,1.224135,1.344653,-1.144902,0.811126,-1.403138
0.257544,-2.008496,-0.580706,-0.922329,1.776795,-1.118299,-1.0441200000000002,0.639824,-1.341457,1.514813
0.116696,-1.065918,-0.030658,-0.922329,0.763428,-1.393879,-1.402435,0.223388,-1.281663,2.08696
0.5392399999999999,-1.537207,0.427715,-0.922329,1.044918,-1.049404,-1.521874,1.413206,-0.922899,0.370518
-0.869237,0.536463,-0.305682,-0.669756,-1.038114,0.397394,0.807179,-0.96643,1.349271,-0.830991
0.7505109999999999,-0.029083,2.169532,-0.038324,0.481937,0.672974,-0.566365,0.7588060000000001,-0.444547,0.198874
0.961783,1.761814,0.8860870000000001,0.529964,0.200446,0.328499,-0.506646,0.282879,0.033804,0.4849479999999999
-0.869237,-2.102753,-0.4890310000000001,1.098253,-1.038114,-0.7738229999999999,1.284933,-1.144902,0.811126,-1.288709
0.327968,1.290525,0.8860870000000001,-0.7329,0.256744,0.741869,0.508582,0.6993149999999999,0.452362,0.427733
0.116696,0.630721,2.077857,-0.038324,-0.24994,0.121813,-0.028891000000000007,0.34237,-0.265166,0.713807
1.666021,-0.877403,1.069437,-0.606613,0.594533,-1.393879,-0.9844,0.996769,-0.922899,0.713807
1.173054,0.724979,1.161111,0.214248,0.200446,-0.222662,-0.028891000000000007,0.639824,-0.085784,0.427733
-1.2917809999999998,0.065175,-0.67238,0.593108,-0.812921,0.810764,0.68774,-1.323375,0.751332,-1.231494
1.736445,-0.59463,1.069437,-0.417184,0.650831,-1.256089,-1.402435,0.8777879999999999,-1.341457,0.427733
-1.080509,-0.783145,-1.039079,0.403678,-1.038114,1.01745,1.344653,-0.728466,0.452362,-0.716562
-1.221357,-0.217599,-1.222428,1.603399,-0.7566229999999999,0.741869,1.344653,-0.906939,1.050302,-1.117065
-1.150933,1.950329,0.33604,0.782537,-0.644027,1.775296,0.986337,-0.431012,0.930714,-0.716562
-1.010085,-0.029083,-0.397357,0.908824,-0.812921,1.499716,0.926617,-0.787957,0.87092,-0.716562
-0.869237,0.724979,-0.030658,0.719394,-1.0944120000000002,0.810764,1.464091,-1.5018479999999998,1.289477,-1.288709
-1.3622040000000002,-0.217599,-1.039079,1.477112,-1.544798,-0.222662,0.628021,-1.561339,0.691538,-1.17428
0.680087,-0.217599,-0.122333,-1.238045,1.382708,-1.531669,-1.282997,1.234733,-1.341457,1.514813
0.6096630000000001,0.8192370000000001,1.711159,0.593108,0.707129,0.535184,0.74746,-0.252539,0.811126,0.084445
-0.024151,1.196267,-0.305682,1.350826,-1.432201,1.499716,1.284933,-0.490503,0.392568,-0.602132
1.736445,-0.217599,0.611064,-0.859186,0.932322,-0.911613,-1.103839,1.353715,-0.743517,0.885451
1.313902,-0.217599,1.619484,-0.16461099999999998,0.481937,-0.153767,-0.7455229999999999,0.7588060000000001,-0.564135,0.5421630000000001
-1.150933,0.25369,-0.67238,1.098253,-1.375903,1.01745,1.225214,-0.431012,1.169889,-0.487703
-0.869237,1.667556,0.15269100000000002,0.529964,-0.362536,1.361925,0.807179,-0.490503,1.050302,-0.316058
0.8209350000000001,-1.065918,1.527809,-0.7960430000000001,0.876024,-0.360453,-0.7455229999999999,1.234733,-1.221869,0.599377
-0.869237,0.724979,-0.67238,0.529964,-0.981816,0.052917999999999986,1.523811,-1.085412,0.930714,-1.231494
1.173054,-0.59463,0.15269100000000002,-1.364332,1.101217,-0.8427180000000001,-1.163558,1.7701509999999998,-1.162075,0.713807
0.7505109999999999,-0.783145,-0.397357,-1.301188,1.326409,-1.66946,-0.924681,0.8777879999999999,-1.281663,0.99988
0.6096630000000001,0.630721,1.986182,-0.16461099999999998,0.256744,0.121813,-0.088611,0.461352,-0.564135,0.427733
-1.010085,0.8192370000000001,-0.122333,0.593108,-1.0944120000000002,1.01745,0.807179,-0.609484,1.229683,-0.8882059999999999
1.736445,0.630721,1.34446,-0.669756,0.650831,-1.049404,-0.685804,0.996769,-1.221869,0.599377
-1.432628,-0.406114,-1.222428,0.656251,-1.544798,0.741869,1.046056,-0.96643,1.7080349999999995,-1.345924
0.398392,0.913494,1.527809,-0.038324,-0.024747,0.741869,0.209986,0.520842,0.631744,0.4849479999999999
0.6096630000000001,-0.406114,0.061016,-0.7329,1.270111,-1.256089,-1.282997,1.413206,-1.221869,0.8282360000000001
-1.573476,-0.029083,-0.947404,1.287683,-0.981816,0.466289,1.404372,-1.323375,0.990508,-1.403138
1.45475,-0.029083,1.069437,-0.038324,0.481937,-0.015977,-0.566365,0.461352,-0.8631049999999999,0.4849479999999999
-1.080509,0.159432,-0.764055,0.656251,-0.700325,0.672974,1.404372,-1.263884,0.930714,-0.830991
-0.094575,1.667556,0.33604,0.593108,0.031551,1.29303,0.508582,0.104406,-0.324959,-0.029985
-1.010085,-1.254434,-2.689221,1.161396,-1.15071,0.604079,0.628021,-1.025921,0.930714,-1.05985
0.116696,-0.971661,-0.122333,-1.427475,1.270111,-1.049404,-0.7455229999999999,0.163897,-1.221869,0.885451
1.45475,-0.217599,2.352881,-0.417184,0.538235,-0.8427180000000001,-0.327488,0.996769,-0.8631049999999999,-0.201629
1.313902,-0.217599,0.061016,-1.301188,1.326409,-0.704928,-1.462155,1.294224,-1.341457,1.285954
-1.573476,-0.311856,-1.6808009999999998,0.214248,-1.0944120000000002,0.466289,0.74746,-1.204393,0.87092,-1.17428
-0.939661,-0.406114,-0.8557290000000001,1.098253,-1.319605,0.397394,1.404372,-1.382866,1.050302,-1.403138
1.666021,-1.348691,1.252786,-0.669756,0.4256390000000001,-0.429348,-0.506646,1.05626,-1.221869,0.656592
-0.446694,0.630721,0.061016,0.403678,-0.7566229999999999,1.43082,0.926617,-0.728466,1.409065,-0.716562
0.6096630000000001,-1.065918,-0.030658,-1.111759,1.326409,-1.600565,-1.0441200000000002,0.104406,-1.221869,1.457598
0.6096630000000001,-1.160176,0.061016,-1.301188,1.551602,-1.393879,-1.462155,0.044915,-1.281663,1.457598
0.327968,-1.537207,-1.222428,-1.743191,1.157515,-1.118299,-1.342716,0.818297,-0.8631049999999999,1.629243
1.173054,0.159432,2.169532,-0.038324,0.538235,-0.015977,-0.685804,0.996769,-0.384753,0.370518
1.032206,-0.877403,0.33604,-1.490618,1.157515,-1.324984,-1.223277,1.889133,-0.982693,0.99988
1.736445,-0.406114,0.15269100000000002,-0.985472,-0.137343,-1.118299,-1.342716,1.294224,-0.982693,0.5421630000000001
-0.235423,0.536463,-0.4890310000000001,1.5402559999999998,-1.038114,1.29303,0.448863,-1.025921,0.57195,-1.231494
1.173054,1.10201,2.261206,-0.669756,0.707129,-1.462774,-0.506646,-0.490503,-0.8631049999999999,0.313304
0.7505109999999999,-0.311856,-0.122333,-1.616904,1.213813,-0.980509,-1.342716,1.175242,-1.281663,1.057095
1.173054,0.8192370000000001,1.802833,-1.553761,0.594533,-0.567138,-0.566365,0.639824,-0.743517,0.084445
1.525173,-0.123341,0.977762,-0.922329,0.087849,-0.911613,-1.462155,1.175242,-0.982693,0.5421630000000001
1.806869,0.065175,1.069437,-0.985472,0.876024,-0.567138,-0.566365,1.175242,-0.803311,0.942666
-0.164999,1.479041,0.977762,0.8456799999999999,-0.362536,1.361925,0.5683020000000001,-1.263884,0.033804,-0.373273
0.18712,-0.971661,-0.947404,-0.7960430000000001,1.326409,-0.980509,-1.521874,0.520842,-1.1022809999999998,1.915316
1.10263,1.950329,1.34446,0.277392,0.481937,0.121813,-0.028891000000000007,0.461352,-0.02599,0.713807
-1.3622040000000002,0.25369,-2.597546,1.477112,-1.319605,0.397394,1.404372,-1.382866,0.990508,-1.17428
-0.939661,0.630721,-0.122333,1.22454,-1.0944120000000002,1.43082,0.926617,-1.204393,1.409065,-0.945421
-1.080509,-0.500372,-0.764055,0.971967,-1.038114,0.604079,0.68774,-1.739811,1.588447,-1.231494
1.032206,1.667556,1.619484,0.087962,-0.24994,-0.084872,-0.506646,0.461352,-0.564135,0.771022
-1.432628,0.25369,-0.122333,0.277392,-0.925518,0.879659,1.046056,-1.085412,0.57195,-0.487703
0.5392399999999999,-2.008496,-0.214007,-1.553761,0.650831,-1.324984,-1.103839,0.461352,-1.341457,2.029746
-1.010085,-0.123341,-1.222428,0.971967,-1.319605,0.121813,1.046056,-1.263884,1.169889,-0.8882059999999999
-0.164999,1.573298,0.244365,0.340535,-0.587729,1.775296,0.866898,-0.193048,0.930714,-0.659347
1.666021,-1.160176,-0.030658,-1.238045,0.538235,-0.980509,-1.402435,1.413206,-1.0424870000000002,0.5421630000000001
1.384326,-0.311856,-0.397357,-1.174902,1.157515,-1.118299,-1.0441200000000002,1.234733,-1.341457,1.285954
1.173054,1.007752,2.261206,-0.7960430000000001,0.707129,-1.049404,-0.446927,1.234733,-0.564135,0.256089
-1.150933,-0.59463,-0.67238,0.656251,-1.375903,0.25960300000000003,1.404372,-1.5018479999999998,1.588447,-1.345924
-0.446694,0.8192370000000001,-0.214007,1.03511,-0.7566229999999999,1.568611,1.284933,-1.5018479999999998,0.990508,-0.659347
-0.5171180000000001,-0.029083,-0.305682,1.03511,-1.038114,0.535184,1.225214,-0.906939,1.409065,-1.345924
1.525173,-0.783145,-0.030658,-1.238045,0.707129,-1.118299,-1.163558,1.7701509999999998,-1.162075,0.8282360000000001
-0.5171180000000001,-0.406114,-0.030658,1.22454,-1.15071,1.01745,1.046056,-1.323375,1.409065,-0.773776
-0.72839,1.573298,-0.397357,1.098253,-0.981816,1.637506,0.926617,-0.96643,0.57195,-0.716562
1.525173,-0.500372,0.244365,-1.427475,0.481937,-0.980509,-1.282997,1.5321870000000002,-0.8631049999999999,1.11431
0.18712,-1.537207,-0.030658,-1.490618,1.270111,-1.876145,-1.402435,0.639824,-1.162075,1.400384
-1.080509,-0.029083,-0.4890310000000001,0.340535,-1.15071,-0.222662,1.344653,-1.382866,1.349271,-1.231494
0.468816,-0.971661,-0.305682,-1.616904,0.707129,-1.118299,-1.223277,0.104406,-1.1022809999999998,2.029746
-1.2917809999999998,-0.500372,-0.67238,1.098253,-1.544798,0.741869,0.866898,-0.906939,1.050302,-1.345924
-0.72839,0.8192370000000001,-0.397357,0.593108,-0.981816,0.948555,1.344653,-0.96643,1.409065,-0.716562
0.257544,-1.065918,-0.764055,-1.048616,1.833093,-1.66946,-1.342716,0.104406,-1.341457,1.457598
0.468816,-0.406114,0.15269100000000002,-0.922329,1.439006,-1.118299,-1.342716,1.353715,-1.401251,0.8282360000000001
0.961783,2.044587,1.619484,0.024819,0.200446,0.672974,-0.446927,0.461352,0.5121560000000001,0.713807
0.468816,-0.688887,-0.030658,-0.985472,1.213813,-0.911613,-1.282997,1.353715,-1.341457,0.5421630000000001
-0.939661,-0.029083,-0.4890310000000001,0.8456799999999999,-0.700325,1.499716,0.448863,-0.906939,1.229683,-0.659347
0.8209350000000001,-0.217599,-0.122333,-1.238045,1.551602,-1.118299,-1.402435,1.234733,-1.221869,0.942666
-0.587542,0.724979,-0.67238,0.403678,-1.432201,0.948555,0.5683020000000001,-0.96643,1.349271,-0.830991
-0.939661,-0.406114,-2.139173,0.593108,-1.207009,1.15524,1.046056,-1.204393,0.27298,-0.487703
-1.010085,-0.406114,-1.039079,0.782537,-1.263307,-0.360453,1.1654950000000002,-1.085412,0.87092,-1.288709
-1.221357,-0.217599,-2.597546,1.03511,-1.263307,0.25960300000000003,1.105775,-1.323375,0.631744,-1.231494
0.046273,1.950329,1.069437,0.593108,0.087849,0.879659,0.448863,0.996769,0.5121560000000001,0.599377
0.5392399999999999,-0.783145,-0.214007,-1.680048,1.4953040000000002,-0.980509,-1.163558,0.639824,-1.281663,1.343169
-1.221357,0.159432,-0.4890310000000001,0.214248,-1.038114,0.190708,1.6432490000000002,-1.620829,0.631744,-0.830991
0.5392399999999999,-0.688887,-0.305682,-1.048616,0.876024,-1.187194,-1.0441200000000002,0.223388,-1.1022809999999998,1.457598
-2.136867,-1.065918,-1.955824,1.161396,-0.8692190000000001,0.397394,0.807179,-0.96643,1.050302,-0.544917
1.525173,-0.311856,1.161111,-0.922329,0.707129,-0.911613,-1.103839,1.115751,-1.341457,0.771022
1.525173,-0.500372,-0.030658,-1.174902,1.157515,-1.66946,-1.0441200000000002,1.829642,-0.743517,0.99988
1.313902,-0.311856,0.8860870000000001,-0.16461099999999998,0.538235,-0.911613,-0.7455229999999999,0.937279,-0.564135,0.713807
1.384326,0.724979,0.977762,0.087962,0.481937,-0.015977,-0.805242,0.7588060000000001,-0.504341,0.427733
-0.869237,-0.217599,-0.4890310000000001,1.03511,-1.207009,0.672974,1.284933,-1.561339,0.930714,-1.17428
0.116696,1.761814,0.702738,0.656251,-0.700325,0.741869,0.448863,0.044915,0.033804,-0.029985
0.18712,-0.971661,-0.030658,-1.364332,1.551602,-1.462774,-1.342716,0.520842,-1.281663,1.285954
-0.446694,0.347948,0.061016,0.403678,-0.812921,0.672974,0.926617,-0.728466,1.528653,-0.8882059999999999
1.10263,-1.160176,-0.305682,-1.743191,1.326409,-1.324984,-1.462155,1.472697,-0.803311,0.771022
-1.221357,-1.254434,-1.772475,0.908824,-1.375903,-0.153767,0.807179,-1.025921,1.409065,-1.288709
-0.024151,-1.537207,-0.122333,-0.859186,1.270111,-1.66946,-1.0441200000000002,-0.014576,-1.341457,2.029746
-0.37627,0.724979,-0.397357,1.098253,-0.362536,1.361925,0.508582,-0.31203000000000003,0.691538,-0.602132
1.736445,-0.123341,0.8860870000000001,-0.669756,0.594533,-1.80725,-1.462155,1.175242,-1.221869,0.5421630000000001
1.736445,0.159432,1.161111,-0.7960430000000001,0.8197260000000001,-1.118299,-1.103839,0.6993149999999999,-0.803311,0.427733
1.45475,-0.783145,0.061016,-1.048616,1.044918,-1.049404,-1.402435,1.472697,-0.922899,0.5421630000000001
-0.587542,0.347948,-0.030658,0.151105,-0.925518,1.43082,1.404372,-1.085412,0.57195,-0.544917
0.8209350000000001,-0.217599,-0.397357,-1.111759,1.270111,-0.911613,-1.402435,1.353715,-1.341457,0.942666
1.243478,-0.217599,2.077857,-0.227754,0.313042,-0.153767,-0.446927,0.401861,-0.8631049999999999,0.313304
-0.446694,0.630721,-1.130753,1.350826,-0.812921,1.7064009999999998,0.389144,-1.620829,0.57195,-0.945421
-0.164999,-1.254434,-0.580706,-1.806334,0.707129,-1.393879,-1.0441200000000002,0.6993149999999999,-1.162075,1.743672
2.088564,-0.500372,1.069437,-1.490618,0.313042,-0.980509,-1.0441200000000002,1.175242,-1.0424870000000002,0.4849479999999999
-0.305847,1.573298,0.519389,1.161396,-0.306238,0.948555,0.508582,-0.787957,0.093598,-0.487703
1.806869,-1.254434,0.794413,-1.743191,0.707129,-1.187194,-1.282997,0.401861,-1.221869,0.713807
0.5392399999999999,-1.7257220000000002,-0.030658,-1.364332,1.382708,-1.118299,-1.103839,0.6993149999999999,-1.281663,1.400384
0.6096630000000001,-0.123341,0.15269100000000002,-0.985472,1.382708,-0.980509,-1.342716,1.234733,-1.341457,0.713807
1.173054,1.007752,2.077857,-0.16461099999999998,0.876024,-0.429348,-0.506646,0.639824,-1.221869,0.084445
-1.150933,-0.029083,-2.414197,1.5402559999999998,-1.0944120000000002,0.741869,1.404372,-0.96643,0.930714,-1.05985
1.384326,0.8192370000000001,1.527809,-0.54347,-0.024747,-0.015977,-0.805242,0.6993149999999999,-0.145578,0.313304
-1.2917809999999998,-0.971661,-2.047499,1.161396,-1.319605,0.604079,0.508582,-1.204393,0.990508,-1.117065
-0.37627,1.667556,0.794413,1.350826,-0.587729,1.844191,0.807179,-1.323375,0.5121560000000001,-0.544917
1.384326,-0.688887,1.436135,-0.35404,0.538235,-1.462774,-0.566365,0.937279,-0.504341,-0.0872
1.666021,-0.217599,0.33604,-0.922329,0.707129,-0.8427180000000001,-1.282997,1.353715,-0.743517,0.8282360000000001
-0.869237,0.630721,-0.4890310000000001,0.529964,-0.981816,0.397394,0.926617,-0.96643,0.57195,-1.231494
-0.446694,1.950329,0.8860870000000001,0.340535,0.36934,1.15524,0.508582,0.461352,0.5121560000000001,-0.0872
-1.010085,0.630721,-1.222428,1.350826,-1.207009,-0.291557,1.1654950000000002,-1.323375,1.767829,-1.17428
-0.305847,0.347948,0.061016,0.340535,-0.587729,0.810764,0.448863,-0.549994,0.87092,-0.0872
-1.784747,-0.029083,-0.67238,0.908824,-0.925518,0.397394,0.986337,-0.906939,0.57195,-0.8882059999999999
-1.010085,-0.311856,-1.772475,0.908824,-1.038114,0.672974,1.523811,-1.085412,1.349271,-1.231494
-0.37627,0.630721,-0.305682,0.656251,-1.038114,1.43082,0.150267,-0.728466,0.930714,-1.345924
-1.010085,-0.971661,-2.689221,1.098253,-0.981816,0.535184,1.225214,-0.96643,0.990508,-1.403138
0.8209350000000001,1.856072,0.8860870000000001,0.593108,0.200446,0.879659,-0.14833,0.461352,0.631744,0.313304
0.891359,-0.783145,0.061016,-1.553761,1.6079,-1.462774,-1.0441200000000002,0.401861,-1.281663,0.942666
-1.080509,0.159432,-0.397357,1.161396,-0.7566229999999999,1.43082,1.284933,-0.549994,0.930714,-0.945421
1.595597,-0.59463,1.436135,-0.7329,0.538235,-1.118299,-0.805242,1.115751,-0.803311,0.4849479999999999
0.6096630000000001,0.442206,1.711159,-0.038324,0.4256390000000001,0.604079,-0.327488,0.7588060000000001,-0.444547,0.4849479999999999
-1.010085,0.159432,-0.214007,1.477112,-0.700325,0.466289,1.464091,-1.263884,0.57195,-0.716562
-1.925595,-0.123341,-0.67238,0.908824,-1.15071,0.604079,1.284933,-0.847448,1.468859,-1.231494
0.18712,-1.160176,-0.305682,-1.364332,1.044918,-0.8427180000000001,-1.0441200000000002,0.223388,-0.8631049999999999,1.743672
0.5392399999999999,-1.348691,-0.214007,-1.616904,1.101217,-1.80725,-1.462155,0.223388,-1.1022809999999998,2.08696
-0.869237,1.573298,-0.305682,1.22454,-0.812921,0.466289,0.508582,-0.490503,0.27298,-0.945421
-0.446694,0.630721,-0.030658,1.287683,-1.15071,0.397394,1.404372,-1.620829,0.57195,-1.288709
-1.2917809999999998,0.065175,-0.8557290000000001,0.466821,-0.925518,-0.015977,1.284933,-0.906939,1.648241,-1.345924
-1.2917809999999998,-0.783145,-1.86415,1.22454,-0.8692190000000001,0.052917999999999986,1.1654950000000002,-1.204393,1.409065,-1.231494
1.313902,-0.59463,-2.047499,-1.174902,1.213813,-0.704928,-1.462155,1.413206,-1.162075,0.599377
-0.72839,0.724979,0.244365,1.161396,-0.475132,1.29303,0.807179,-0.96643,0.990508,-0.773776
-0.305847,1.384783,0.519389,0.908824,-0.587729,1.499716,0.448863,-0.431012,0.631744,-1.17428
0.398392,-2.291269,-0.214007,-1.490618,1.439006,-1.600565,-1.282997,0.520842,-1.1022809999999998,1.285954
1.243478,0.347948,1.34446,-1.048616,0.707129,-0.291557,-1.342716,0.996769,-1.162075,0.599377
0.7505109999999999,-1.442949,-0.67238,-0.922329,1.270111,-1.256089,-1.282997,2.008115,-0.922899,0.8282360000000001
0.6096630000000001,-0.688887,-0.305682,-0.7329,1.270111,-1.80725,-1.103839,0.520842,-1.162075,1.572028
1.243478,-0.217599,-0.4890310000000001,-0.922329,1.270111,-0.8427180000000001,-1.402435,1.234733,-1.162075,0.99988
1.45475,-1.348691,1.161111,-0.290897,0.650831,-0.360453,-0.685804,0.996769,-1.341457,0.5421630000000001
-0.798814,0.159432,-0.8557290000000001,1.287683,-0.925518,0.397394,1.225214,-0.96643,1.468859,-1.17428
-1.010085,-0.123341,-0.4890310000000001,1.03511,-1.038114,0.741869,0.986337,-1.204393,1.468859,-1.288709
-0.869237,1.10201,-1.222428,0.466821,-0.8692190000000001,0.604079,1.225214,-1.025921,1.050302,-1.17428
-0.024151,1.196267,-0.8557290000000001,1.22454,-0.475132,0.879659,0.389144,-0.014576,-0.324959,-0.316058
0.5392399999999999,-0.688887,-0.305682,-1.048616,1.439006,-0.8427180000000001,-0.805242,0.163897,-1.1022809999999998,0.885451
0.116696,-1.348691,-1.86415,-1.490618,0.8197260000000001,-1.66946,-1.402435,0.580333,-1.461045,1.743672
-0.6579659999999999,0.8192370000000001,-0.214007,1.03511,-1.375903,1.7064009999999998,0.807179,-1.382866,0.332774,-0.602132
1.736445,-0.406114,0.244365,-1.364332,-0.024747,-1.738355,-1.282997,1.115751,-0.922899,0.5421630000000001
0.046273,-1.7257220000000002,-0.67238,-1.806334,0.481937,-1.393879,-0.9844,0.401861,-1.221869,1.743672
-0.6579659999999999,1.667556,1.069437,0.277392,-0.24994,1.01745,0.628021,-1.025921,0.093598,-0.544917
-0.164999,0.630721,-0.397357,0.656251,-0.981816,0.328499,0.448863,-0.371521,-0.205372,-0.487703
0.8209350000000001,-0.783145,0.061016,-1.174902,1.382708,-1.256089,-1.282997,1.05626,-0.922899,0.942666
-0.587542,-0.029083,-0.122333,1.287683,-0.8692190000000001,1.43082,0.986337,-0.490503,0.57195,-0.602132
-0.094575,-1.160176,-0.8557290000000001,-0.7960430000000001,1.382708,-1.256089,-1.103839,1.353715,-1.0424870000000002,0.656592
0.6096630000000001,-1.348691,2.352881,-0.417184,0.594533,-0.429348,-0.626084,0.282879,-0.384753,-0.029985
-0.446694,1.007752,-0.580706,1.22454,-0.5314300000000001,1.499716,1.046056,-1.263884,0.87092,-0.716562
0.6096630000000001,1.761814,2.077857,0.214248,0.8197260000000001,0.535184,0.508582,0.996769,-0.145578,0.256089
1.313902,1.479041,2.169532,0.593108,-0.137343,-0.015977,-0.566365,0.34237,-0.085784,0.713807
-0.305847,0.724979,-0.67238,0.024819,-0.24994,1.43082,0.389144,-0.014576,0.153392,-0.029985
1.313902,0.8192370000000001,1.619484,-0.922329,0.707129,-0.704928,-0.566365,0.996769,-0.205372,0.256089
-1.855171,0.630721,-1.130753,0.593108,-0.700325,0.810764,1.284933,-1.620829,0.990508,-0.830991
0.257544,-1.348691,-0.4890310000000001,-0.7960430000000001,1.833093,-1.049404,-1.223277,0.34237,-1.341457,1.514813
-0.37627,1.007752,0.519389,0.908824,-0.137343,0.741869,0.5683020000000001,-0.252539,0.87092,-0.430488
0.6096630000000001,1.761814,0.427715,0.277392,0.4256390000000001,0.397394,0.030828,0.580333,0.093598,0.5421630000000001
-1.010085,-0.59463,-0.67238,0.340535,-0.925518,0.25960300000000003,1.404372,-1.025921,0.930714,-1.288709
0.5392399999999999,-1.631465,-0.305682,-1.616904,1.6079,-1.187194,-1.521874,0.461352,-1.341457,1.057095
-0.587542,0.442206,0.061016,0.908824,-1.038114,0.604079,0.68774,-0.490503,0.452362,-1.231494
1.45475,-0.311856,-0.122333,-1.174902,1.101217,-1.393879,-1.0441200000000002,1.889133,-1.221869,0.5421630000000001
-1.784747,-0.406114,-1.314102,0.277392,-1.544798,0.535184,1.105775,-1.144902,1.289477,-1.231494
-0.869237,0.442206,-0.397357,1.098253,-0.475132,0.466289,0.628021,-0.193048,0.691538,-1.002635
-0.305847,1.667556,-0.8557290000000001,1.350826,-0.5314300000000001,0.466289,0.389144,-0.13355699999999998,0.392568,-0.316058
-1.080509,0.065175,-0.947404,0.908824,-1.263307,0.397394,0.329424,-1.442357,1.7080349999999995,-1.17428
0.5392399999999999,0.913494,1.161111,-0.101468,-0.7566229999999999,0.672974,0.150267,0.580333,0.392568,0.198874
0.116696,-1.442949,0.061016,-1.553761,0.4256390000000001,-1.049404,-1.163558,0.639824,-1.281663,1.743672
-1.221357,-0.217599,-1.222428,1.098253,-1.15071,0.466289,1.046056,-1.739811,1.349271,-0.716562
0.5392399999999999,0.347948,2.077857,-0.038324,0.538235,0.397394,-0.446927,0.818297,-0.564135,0.370518
1.032206,-0.971661,-0.030658,-0.922329,1.044918,-1.738355,-1.402435,1.889133,-1.162075,0.713807
-0.587542,0.724979,0.061016,1.22454,-1.0944120000000002,0.397394,0.926617,-1.025921,0.811126,-0.659347
1.032206,-1.160176,-0.030658,-0.859186,1.101217,-1.187194,-1.521874,1.829642,-1.221869,0.599377
0.8209350000000001,1.950329,1.619484,0.593108,0.650831,0.672974,0.389144,0.937279,0.033804,0.313304
-1.150933,-0.217599,-0.8557290000000001,0.656251,-1.15071,0.535184,1.046056,-1.5018479999999998,1.468859,-1.05985
1.173054,1.196267,1.34446,0.277392,0.144148,1.29303,-0.028891000000000007,0.996769,-0.384753,0.5421630000000001
-0.094575,0.065175,-0.67238,0.8456799999999999,-0.475132,0.190708,0.209986,-0.96643,0.452362,-1.002635
-0.6579659999999999,-1.348691,-0.8557290000000001,-1.174902,1.270111,-0.704928,-1.342716,0.461352,-0.982693,2.08696
-0.5171180000000001,1.007752,0.15269100000000002,0.593108,-0.812921,1.29303,0.866898,-0.13355699999999998,0.811126,-0.258844
-1.080509,-0.123341,-0.305682,1.22454,-1.319605,0.604079,1.523811,-1.204393,0.811126,-0.659347
0.257544,0.442206,1.986182,0.277392,0.087849,0.672974,0.389144,0.996769,0.27298,-0.144414
0.6096630000000001,0.347948,2.169532,0.087962,0.313042,0.328499,0.030828,0.580333,-0.324959,0.5421630000000001
1.243478,-0.688887,1.527809,-0.417184,0.932322,-1.049404,-0.506646,1.115751,-0.922899,0.656592
-0.798814,-1.348691,-0.030658,-1.111759,1.439006,-0.980509,-0.9844,0.461352,-1.401251,1.457598
-0.798814,0.724979,-0.580706,1.287683,-0.587729,1.568611,1.404372,-0.847448,0.213186,-0.716562
-0.869237,-0.217599,0.15269100000000002,1.287683,-0.812921,1.43082,0.508582,-0.847448,0.751332,-0.8882059999999999
0.891359,-0.406114,-0.122333,-0.922329,1.270111,-1.118299,-0.9844,1.413206,-1.162075,1.171525
1.173054,-1.537207,-0.030658,-1.238045,1.157515,-1.118299,-1.282997,1.948624,-1.341457,0.5421630000000001
-1.150933,0.159432,-0.8557290000000001,1.161396,-1.038114,0.328499,0.74746,-1.68032,1.528653,-1.117065
-1.432628,0.347948,-0.947404,1.5402559999999998,-0.812921,0.397394,1.58353,-1.5018479999999998,1.110095,-1.17428
0.680087,-0.311856,-0.305682,-1.238045,1.6079,-1.393879,-1.103839,1.115751,-1.341457,0.942666
1.45475,-0.783145,0.061016,-0.922329,0.932322,-0.980509,-1.103839,1.472697,-1.162075,1.057095
-0.024151,2.32736,0.977762,0.908824,0.538235,0.879659,0.628021,0.34237,-0.02599,-0.773776
1.806869,-0.59463,0.702738,-0.669756,0.876024,-0.567138,-0.9844,1.175242,-0.623929,0.885451
2.088564,-0.123341,0.8860870000000001,-0.669756,0.763428,-0.704928,-1.282997,1.294224,-0.803311,0.4849479999999999
0.257544,2.044587,0.33604,0.593108,-0.024747,1.01745,0.628021,-0.787957,-0.085784,-0.602132
-0.939661,1.761814,0.427715,0.593108,-0.587729,1.499716,0.448863,-0.668975,0.332774,-0.258844
-1.432628,-0.217599,-1.039079,1.22454,-1.0944120000000002,0.397394,1.1654950000000002,-0.787957,1.767829,-0.716562
0.5392399999999999,0.347948,1.161111,-0.290897,0.313042,0.052917999999999986,-0.446927,0.7588060000000001,0.033804,0.14165899999999998
0.257544,1.950329,0.427715,0.403678,0.200446,0.948555,0.389144,-0.252539,0.213186,-0.316058
-0.5171180000000001,-1.348691,-0.030658,-1.427475,1.833093,-1.256089,-1.103839,0.401861,-1.341457,1.400384
-0.869237,-0.029083,-1.405777,0.719394,-1.207009,0.466289,0.74746,-0.847448,0.631744,-1.17428
-0.37627,1.573298,0.244365,1.161396,-0.700325,1.499716,1.404372,-0.668975,0.631744,-0.602132
0.327968,-1.160176,-1.86415,-1.553761,1.213813,-0.980509,-1.342716,0.818297,-1.341457,1.858102
-0.6579659999999999,1.384783,0.061016,1.098253,-0.644027,1.637506,0.329424,-0.609484,0.5121560000000001,-0.316058
-1.3622040000000002,-0.029083,-0.67238,1.413969,-1.038114,0.604079,1.404372,-1.263884,0.811126,-1.17428
0.468816,-1.537207,-0.214007,-1.048616,0.98862,-1.393879,-1.0441200000000002,0.461352,-1.401251,1.915316
1.666021,-1.160176,-0.397357,-1.301188,0.763428,-0.911613,-1.342716,1.353715,-1.162075,0.599377
-0.446694,-0.029083,-0.397357,1.287683,-1.0944120000000002,1.499716,0.68774,-1.085412,0.811126,-0.716562
0.6096630000000001,-1.348691,-0.030658,-1.427475,1.157515,-1.187194,-0.924681,1.353715,-1.162075,0.713807
0.891359,0.065175,0.427715,-0.669756,0.087849,0.604079,0.26970500000000003,0.7588060000000001,0.392568,-0.144414
-1.573476,-0.59463,-0.8557290000000001,1.5402559999999998,-0.8692190000000001,0.121813,1.1654950000000002,-1.263884,0.631744,-1.117065
-0.939661,0.8192370000000001,-1.130753,1.161396,-1.432201,1.7064009999999998,1.046056,-0.96643,0.87092,-0.544917
1.10263,-1.7257220000000002,-0.122333,-1.111759,1.382708,-1.049404,-1.0441200000000002,1.7701509999999998,-1.341457,0.599377
-1.010085,0.913494,0.15269100000000002,0.593108,-1.0944120000000002,1.29303,1.046056,-0.728466,0.930714,-0.830991
-0.37627,2.138845,0.977762,-0.101468,-0.587729,1.29303,0.389144,-1.144902,0.213186,-0.945421
0.468816,-1.7257220000000002,-1.314102,-1.553761,0.876024,-0.980509,-1.282997,0.34237,-1.341457,1.743672
-1.150933,-0.406114,-1.130753,1.477112,-0.812921,0.397394,0.74746,-1.323375,0.930714,-0.773776
-1.855171,0.159432,-0.305682,1.161396,-1.488499,0.328499,1.404372,-1.561339,0.751332,-0.830991
0.5392399999999999,1.667556,0.061016,1.03511,-0.362536,1.499716,0.389144,-0.13355699999999998,0.392568,-0.201629
1.173054,2.044587,-0.580706,0.340535,0.087849,0.397394,0.150267,0.282879,0.57195,0.599377
0.5392399999999999,-1.160176,-0.305682,-0.7960430000000001,1.833093,-0.911613,-1.342716,0.520842,-0.922899,1.285954
-0.939661,0.347948,0.061016,0.529964,-1.0944120000000002,0.810764,1.344653,-1.025921,0.392568,-0.945421
-1.221357,0.065175,0.061016,0.656251,-0.812921,0.604079,1.046056,-1.382866,0.811126,-1.288709
-2.066443,-0.217599,-1.314102,0.971967,-0.981816,0.741869,0.68774,-1.085412,1.767829,-1.403138
1.525173,-0.217599,1.436135,-0.54347,0.538235,-0.291557,-1.402435,1.05626,-0.803311,0.656592
-1.150933,0.159432,-1.130753,1.22454,-0.700325,0.879659,0.926617,-1.263884,1.409065,-1.288709
0.327968,-0.783145,-0.4890310000000001,-1.364332,1.326409,-1.049404,-0.9844,0.937279,-1.401251,2.08696
0.327968,1.573298,1.436135,0.214248,0.763428,-0.429348,-0.7455229999999999,0.34237,-0.02599,0.713807
0.257544,1.856072,-0.030658,0.466821,-0.475132,0.672974,-0.327488,-0.490503,0.811126,-0.144414
0.891359,0.724979,1.802833,-0.4803270000000001,0.087849,0.466289,-0.208049,1.05626,-0.205372,0.5421630000000001
-1.503052,-0.123341,-2.322523,0.466821,-1.432201,0.397394,0.926617,-0.847448,1.648241,-1.117065
-0.72839,0.347948,-1.039079,-0.35404,-0.8692190000000001,0.328499,1.464091,-0.787957,1.409065,-1.05985
1.173054,-1.7257220000000002,-0.305682,-1.111759,0.594533,-1.049404,-1.223277,1.829642,-1.162075,0.14165899999999998
-1.3622040000000002,0.159432,-0.122333,0.782537,-0.8692190000000001,0.397394,0.628021,-1.204393,0.27298,-1.231494
-0.5171180000000001,0.8192370000000001,-0.030658,1.413969,-1.544798,1.361925,0.68774,-0.847448,0.811126,-1.117065
-1.221357,0.630721,-0.947404,0.529964,-1.263307,0.328499,0.866898,-1.323375,1.289477,-0.945421
-1.221357,0.159432,-0.8557290000000001,0.593108,-1.207009,0.604079,1.284933,-1.263884,0.930714,-1.288709
-0.235423,0.630721,-0.397357,1.477112,-1.375903,0.879659,0.74746,-0.787957,1.050302,-1.231494
-1.855171,-0.311856,-0.67238,1.098253,-1.0944120000000002,0.672974,1.404372,-1.263884,1.050302,-1.403138
-1.010085,-0.029083,-1.497451,0.403678,-1.319605,0.535184,0.448863,-0.847448,1.169889,-1.117065
0.5392399999999999,-1.537207,-0.030658,-1.743191,1.4953040000000002,-1.118299,-0.805242,0.639824,-1.401251,0.99988
0.6096630000000001,-0.688887,-0.122333,-1.680048,1.382708,-1.462774,-1.103839,1.175242,-1.281663,0.885451
0.680087,-1.065918,-0.580706,-0.922329,0.594533,-1.462774,-1.402435,1.353715,-1.221869,1.057095
-0.164999,-2.479784,0.244365,-0.985472,1.213813,-1.118299,-1.342716,0.7588060000000001,-0.982693,2.20139
0.046273,1.196267,1.619484,0.087962,0.650831,0.741869,0.389144,0.461352,0.332774,0.198874
0.891359,-0.688887,0.977762,-1.490618,0.8197260000000001,-1.531669,-0.566365,1.234733,-0.803311,0.5421630000000001
-0.798814,0.536463,-0.030658,1.287683,-0.7566229999999999,1.7064009999999998,0.926617,-1.263884,0.153392,-0.430488
-0.939661,-0.029083,-0.030658,0.908824,-0.925518,-0.084872,1.284933,-1.085412,1.528653,-1.345924
-1.150933,-0.406114,-1.589126,0.782537,-1.375903,-0.015977,0.5683020000000001,-1.561339,0.5121560000000001,-1.403138
-0.446694,0.347948,-0.122333,1.287683,-1.319605,-0.084872,1.344653,-1.382866,0.751332,-0.773776
-0.939661,-0.217599,-0.8557290000000001,-0.290897,-1.375903,0.672974,0.807179,-1.382866,1.050302,-1.288709
0.6096630000000001,0.8192370000000001,1.436135,0.656251,0.707129,0.397394,0.26970500000000003,-0.252539,0.5121560000000001,0.02723
0.18712,1.667556,0.8860870000000001,-0.290897,1.044918,0.466289,0.209986,0.401861,0.811126,0.084445
-0.869237,0.724979,-0.305682,0.719394,-0.925518,0.948555,0.628021,-1.442357,1.289477,-1.345924
-0.305847,0.159432,-0.305682,1.350826,-0.812921,0.879659,1.404372,-0.490503,0.452362,-0.487703
0.6096630000000001,1.856072,-0.214007,0.340535,0.4256390000000001,0.879659,0.508582,0.639824,0.27298,0.198874
0.18712,1.856072,0.977762,0.466821,-0.081045,1.01745,0.26970500000000003,0.401861,0.213186,-0.373273
