-1.362204,0.253690,-0.672380,0.719394,-0.812921,0.672974,0.926617,-1.739811,1.289477,-1.117065
0.680087,1.007752,2.261206,0.277392,0.538235,0.741869,0.508582,0.223388,0.930714,0.313304
0.398392,-0.971661,-0.489031,-1.301188,1.044918,-0.842718,-1.223277,0.996769,-0.803311,1.629243
1.454750,-2.102753,-0.030658,-1.806334,1.270111,-0.980509,-0.864962,1.413206,-0.803311,0.942666
-1.996019,0.253690,-0.672380,1.287683,-0.475132,1.706401,1.165495,-0.431012,1.110095,-0.945421
1.243478,-0.594630,1.436135,-0.669756,0.481937,-0.773823,-0.924681,1.056260,-0.683723,0.771022
1.595597,-0.311856,1.711159,-1.301188,0.200446,-0.842718,-0.685804,0.461352,-0.564135,0.484948
-0.024151,0.630721,1.069437,0.403678,0.031551,1.568611,0.568302,-0.847448,-0.444547,-0.602132
0.257544,-0.971661,-0.947404,-0.796043,1.270111,-1.393879,-0.805242,0.937279,-1.162075,1.629243
0.820935,0.536463,1.252786,-0.417184,0.369340,-1.118299,-0.566365,0.461352,-0.085784,0.713807
0.257544,-0.406114,-0.305682,-1.174902,1.382708,-0.980509,-0.626084,-0.193048,-1.221869,1.343169
0.539240,-0.877403,-0.489031,-0.922329,1.833093,-1.118299,-1.103839,0.223388,-1.221869,1.400384
-0.869237,-1.065918,-1.680801,0.466821,-1.150710,0.741869,0.687740,-0.906939,0.751332,-1.117065
-1.010085,0.253690,-0.397357,1.161396,-0.812921,0.672974,0.687740,-1.204393,1.409065,-0.773776
1.454750,-0.594630,-0.214007,-1.427475,1.157515,-0.980509,-1.223277,1.294224,-1.341457,1.228739
1.595597,-0.594630,-0.030658,-1.048616,0.819726,-0.980509,-1.342716,1.472697,-1.042487,0.713807
-1.080509,-1.160176,-1.039079,0.593108,-1.094412,0.466289,1.284933,-1.561339,1.468859,-1.174280
1.313902,0.630721,2.352881,-0.164611,0.932322,-0.084872,-0.745523,1.115751,-0.324959,0.198874
0.257544,-0.783145,-0.397357,-1.743191,1.157515,-1.049404,-1.282997,0.342370,-1.221869,1.972531
1.736445,-0.217599,0.611064,-1.238045,0.538235,-1.118299,-1.282997,1.234733,-1.221869,0.713807
1.313902,-0.688887,0.152691,-1.174902,0.988620,-1.462774,-1.103839,0.877788,-1.221869,0.942666
0.539240,-1.160176,-0.305682,-1.238045,1.044918,-1.669460,-1.282997,0.282879,-1.341457,2.201390
0.750511,0.159432,1.527809,-0.354040,0.594533,-0.015977,-0.446927,1.115751,-0.025990,0.313304
-0.869237,-0.029083,-1.314102,0.719394,-1.432201,0.397394,0.628021,-0.966430,0.870920,-1.231494
-1.573476,-1.631465,-0.672380,0.845680,-0.981816,0.259603,0.508582,-1.025921,0.930714,-0.830991
0.327968,-1.631465,-0.672380,-1.301188,1.270111,-0.980509,-1.402435,0.401861,-1.102281,1.858102
-0.517118,0.536463,-1.680801,1.603399,-1.094412,0.466289,0.448863,-0.609484,1.050302,-0.888206
-1.080509,0.724979,-0.580706,1.098253,-0.981816,0.672974,0.807179,-0.787957,1.468859,-0.716562
0.680087,1.761814,2.169532,0.214248,0.031551,0.604079,0.269705,-0.193048,0.571950,0.542163
0.539240,-1.631465,-0.397357,-1.174902,1.157515,-1.600565,-1.402435,0.758806,-1.341457,2.086960
1.313902,-0.311856,-0.489031,-1.490618,0.819726,-1.118299,-1.402435,1.413206,-0.803311,0.828236
-1.010085,0.253690,-1.314102,1.350826,-0.756623,0.672974,1.225214,-0.906939,1.468859,-0.716562
0.820935,0.253690,1.436135,0.529964,0.707129,0.604079,-0.924681,0.580333,-0.324959,0.427733
0.398392,-1.160176,-0.122333,-1.616904,1.495304,-1.118299,-0.805242,0.699315,-1.401251,1.057095
0.187120,2.044587,0.977762,0.340535,-0.193641,1.155240,0.508582,0.104406,0.452362,-0.602132
-1.150933,0.159432,-0.672380,1.477112,-1.150710,0.328499,1.284933,-1.085412,1.409065,-1.345924
0.257544,-1.725722,-0.305682,-1.553761,0.481937,-1.531669,-1.402435,0.461352,-1.162075,2.086960
0.257544,-0.500372,-1.405777,-1.301188,1.326409,-0.567138,-1.462155,1.353715,-0.922899,1.228739
0.257544,0.253690,2.169532,-0.669756,0.707129,-0.291557,-0.208049,1.115751,-0.384753,0.484948
-1.573476,-0.123341,-0.855729,1.161396,-1.375903,0.328499,0.747460,-1.204393,1.528653,-1.174280
-1.010085,-0.029083,-1.039079,1.287683,-1.150710,0.466289,1.583530,-0.966430,1.110095,-0.830991
-0.869237,0.536463,0.152691,1.161396,-0.531430,0.879659,0.747460,-0.787957,0.512156,-0.945421
1.173054,-0.783145,0.061016,-1.616904,1.382708,-0.980509,-0.984400,1.234733,-1.341457,1.057095
-0.869237,-0.029083,-0.672380,1.161396,-1.094412,0.397394,1.165495,-1.323375,1.289477,-1.059850
-0.517118,0.724979,-0.122333,1.287683,-0.812921,1.637506,0.687740,-1.025921,0.512156,-0.487703
0.116696,-1.065918,-0.122333,-1.364332,0.932322,-1.600565,-1.402435,0.818297,-1.281663,2.201390
-1.150933,-0.783145,-1.589126,0.593108,-1.319605,-0.222662,0.986337,-1.442357,1.409065,-1.231494
0.539240,1.950329,0.977762,0.214248,-0.475132,1.086345,0.508582,-0.193048,0.093598,-0.029985
0.468816,-0.783145,-1.039079,-0.859186,1.833093,-1.393879,-0.924681,0.461352,-1.102281,1.285954
-0.446694,0.724979,-0.030658,0.656251,-1.038114,0.879659,0.866898,-1.442357,0.811126,-0.773776
-1.010085,-0.594630,-2.597546,0.908824,-1.207009,0.259603,0.508582,-0.966430,1.050302,-1.174280
-0.657966,0.442206,-0.305682,1.413969,-1.038114,1.637506,0.986337,-0.609484,0.512156,-1.117065
0.468816,-1.819980,-1.314102,-0.859186,1.213813,-1.118299,-1.462155,1.175242,-1.341457,1.114310
-0.587542,0.536463,-0.214007,1.161396,-1.038114,1.706401,1.225214,-0.787957,0.452362,-0.659347
1.313902,-0.217599,-0.397357,-1.238045,1.326409,-0.911613,-1.521874,1.413206,-1.281663,1.285954
-0.446694,0.253690,0.152691,0.719394,-0.925518,0.810764,0.687740,-1.323375,0.571950,-0.830991
-1.714324,-1.348691,-0.489031,0.529964,-1.207009,0.397394,0.209986,-0.966430,0.870920,-1.231494
1.525173,-0.311856,1.436135,-0.543470,1.044918,-0.842718,-0.685804,1.175242,-0.803311,0.542163
-0.869237,1.196267,0.427715,1.161396,-0.249940,1.430820,0.448863,-0.490503,0.272980,-0.430488
0.750511,-0.783145,-1.130753,-0.985472,0.819726,-1.256089,-1.103839,1.829642,-0.863105,0.542163
0.257544,-0.688887,-0.580706,-1.048616,1.270111,-0.980509,-1.044120,0.937279,-0.922899,1.858102
1.243478,0.159432,1.802833,-0.480327,0.650831,-0.153767,-0.506646,0.699315,-1.221869,0.427733
-0.657966,-0.311856,-0.672380,0.529964,-1.038114,0.741869,0.628021,-1.204393,1.528653,-1.231494
-1.150933,-1.160176,-2.139173,1.161396,-1.544798,0.672974,0.508582,-1.085412,1.169889,-1.117065
-1.291781,-0.783145,-0.397357,1.161396,-0.981816,0.259603,0.568302,-1.085412,0.870920,-0.945421
-1.291781,-0.029083,-0.580706,1.224540,-0.869219,0.190708,0.926617,-1.204393,1.050302,-1.231494
1.032206,-0.971661,-0.122333,-1.048616,1.213813,-1.324984,-1.044120,1.948624,-1.221869,1.171525
1.454750,-0.594630,-0.580706,-1.048616,1.382708,-0.842718,-0.924681,1.532187,-0.922899,1.285954
0.046273,-1.160176,-0.489031,-0.985472,1.833093,-1.187194,-0.924681,0.163897,-1.162075,1.343169
1.313902,-0.688887,0.061016,-1.238045,1.044918,-0.980509,-1.223277,1.532187,-1.102281,0.084445
-1.432628,0.159432,-0.672380,1.161396,-0.981816,0.259603,1.762688,-1.204393,0.870920,-1.288709
-1.503052,-0.029083,-1.130753,0.593108,-0.925518,0.741869,1.225214,-1.204393,0.571950,-1.288709
0.257544,-1.160176,0.152691,-1.301188,0.988620,-1.256089,-0.984400,1.353715,-1.221869,1.228739
-0.869237,0.347948,-0.305682,1.413969,-1.263307,0.672974,0.926617,-1.561339,1.169889,-1.117065
-0.657966,0.253690,-0.489031,1.224540,-1.038114,1.293030,1.225214,-0.787957,0.571950,-0.602132
-0.305847,1.196267,0.244365,1.161396,-0.587729,1.361925,1.105775,-0.787957,0.751332,-0.773776
-0.235423,-1.442949,-0.764055,-0.922329,1.326409,-0.980509,-1.462155,0.699315,-1.221869,1.858102
0.187120,0.724979,1.527809,-0.164611,0.200446,0.741869,0.150267,0.937279,0.512156,0.484948
2.018140,-0.029083,0.977762,-0.922329,0.594533,-0.704928,-0.685804,1.353715,-0.683723,0.656592
1.736445,-0.123341,0.336040,-0.796043,0.763428,-1.256089,-1.581593,1.234733,-0.683723,1.114310
0.257544,-1.254434,-0.397357,-0.922329,1.495304,-0.842718,-0.566365,0.401861,-1.221869,1.285954
-1.150933,-0.406114,-0.672380,1.161396,-1.150710,0.397394,1.523811,-1.085412,0.751332,-1.059850
1.173054,0.253690,1.436135,0.024819,0.313042,-0.015977,-0.685804,1.115751,-0.564135,0.370518
-0.024151,0.253690,-0.489031,0.782537,-0.981816,-0.084872,-0.148330,-0.490503,0.512156,-0.544917
-0.376270,1.007752,-0.397357,0.529964,-0.812921,1.775296,0.986337,-1.085412,0.691538,-1.231494
1.595597,-1.725722,0.519389,-1.048616,1.157515,-0.980509,-1.402435,1.234733,-1.102281,0.942666
0.609663,-1.160176,-0.030658,-0.859186,1.044918,-1.049404,-0.805242,0.461352,-0.922899,1.457598
-0.798814,-0.406114,-0.489031,1.477112,-1.375903,0.328499,1.404372,-1.204393,0.870920,-1.231494
0.046273,-1.254434,-0.305682,-0.985472,1.833093,-1.187194,-1.044120,0.342370,-0.863105,1.343169
0.398392,-1.065918,0.152691,-1.174902,0.594533,-1.462774,-0.924681,0.877788,-1.341457,1.858102
-0.164999,-1.631465,-0.672380,-1.174902,0.481937,-1.393879,-1.342716,0.520842,-1.341457,1.514813
0.680087,0.347948,2.077857,-0.417184,0.425639,0.672974,-0.208049,1.115751,-0.324959,-0.087200
-0.094575,1.007752,-0.305682,1.413969,-0.812921,1.568611,1.046056,-1.085412,0.332774,-0.773776
1.313902,1.667556,1.619484,0.277392,0.144148,0.052918,-0.387207,0.461352,-0.085784,0.484948
-1.221357,0.253690,-0.489031,0.529964,-1.038114,0.535184,1.404372,-0.966430,0.631744,-0.888206
0.961783,0.819237,1.619484,-0.985472,0.425639,-0.773823,-0.506646,0.699315,-0.384753,0.771022
-1.221357,-0.594630,-0.672380,0.593108,-1.038114,0.397394,1.523811,-1.263884,1.289477,-1.288709
-0.024151,-0.877403,-0.855729,-1.490618,1.833093,-1.256089,-1.342716,0.461352,-0.863105,1.285954
-0.235423,-1.819980,-0.030658,-0.922329,0.819726,-1.118299,-0.984400,0.223388,-1.401251,1.858102
-1.503052,-0.029083,-0.855729,0.908824,-0.925518,0.397394,0.389144,-1.204393,1.050302,-1.174280
-0.587542,0.065175,-0.305682,1.477112,-0.869219,0.948555,0.866898,-0.787957,1.050302,-0.602132
0.680087,0.819237,1.619484,-0.796043,0.481937,-0.291557,-0.566365,0.580333,-0.982693,0.313304
-1.221357,0.159432,-0.764055,1.098253,-1.150710,-0.153767,0.926617,-1.085412,1.409065,-1.059850
-0.587542,-0.029083,-0.489031,1.287683,-1.207009,0.535184,1.046056,-0.787957,0.691538,-0.716562
0.539240,-0.311856,-0.214007,-1.616904,1.270111,-1.324984,-0.984400,1.353715,-1.162075,1.514813
0.750511,-1.254434,0.061016,-0.606613,1.044918,-1.738355,-1.044120,0.461352,-1.102281,1.400384
0.609663,-0.783145,-0.122333,-1.301188,1.044918,-0.980509,-0.984400,1.472697,-1.162075,0.942666
-1.010085,0.630721,-0.764055,1.413969,-1.094412,0.741869,0.986337,-0.966430,1.409065,-0.888206
0.187120,1.856072,1.252786,0.151105,-0.024747,1.086345,0.389144,0.937279,-0.025990,0.771022
0.539240,0.253690,0.519389,0.529964,0.144148,0.741869,0.269705,0.580333,0.272980,-0.144414
0.398392,-0.500372,0.061016,-1.301188,1.382708,-1.049404,-0.566365,-0.014576,-1.162075,1.228739
1.595597,-0.406114,1.619484,-0.922329,-0.531430,-0.704928,-0.864962,0.996769,-0.743517,0.656592
0.398392,-0.500372,-0.030658,-0.859186,1.326409,-1.669460,-0.984400,1.294224,-1.162075,0.828236
0.468816,-1.065918,-0.214007,-1.111759,0.876024,-1.462774,-1.044120,0.877788,-0.803311,1.743672
-0.305847,0.724979,-0.030658,1.224540,-0.249940,1.361925,-0.148330,-0.371521,0.452362,-0.487703
-0.869237,0.253690,-0.305682,0.277392,-1.094412,0.328499,0.807179,-1.085412,0.571950,-1.288709
-0.094575,-2.197011,0.152691,-1.301188,1.157515,-1.807250,-1.223277,0.401861,-1.281663,1.743672
-0.446694,1.950329,0.702738,1.287683,-0.812921,1.706401,1.344653,-0.312030,0.631744,-0.544917
-0.869237,0.347948,-0.947404,1.161396,-0.700325,1.086345,1.404372,-0.966430,1.349271,-1.174280
-1.221357,-1.254434,-1.405777,1.098253,-1.432201,0.259603,1.046056,-1.085412,1.409065,-1.117065
-1.010085,-0.406114,-0.672380,0.656251,-1.207009,0.741869,1.404372,-1.561339,0.631744,-0.544917
2.018140,0.159432,1.069437,-0.859186,0.707129,-0.842718,-0.685804,1.353715,-0.683723,0.656592
1.243478,1.856072,1.619484,-0.038324,0.200446,0.741869,0.030828,0.877788,0.631744,0.656592
0.539240,0.819237,2.077857,0.214248,-0.137343,0.121813,-0.148330,0.223388,-0.384753,0.771022
-1.010085,0.630721,-0.489031,0.403678,-1.375903,-0.291557,0.986337,-0.847448,0.691538,-1.059850
0.750511,-0.406114,0.061016,-1.301188,1.495304,-1.462774,-1.223277,1.115751,-1.461045,1.285954
1.454750,-0.594630,1.619484,-0.227754,0.481937,-1.324984,-0.446927,1.056260,-0.205372,0.771022
1.454750,-0.783145,1.436135,-0.796043,0.707129,-0.360453,-0.745523,0.996769,-0.922899,0.656592
-1.150933,0.347948,-0.855729,1.477112,-1.375903,0.672974,0.747460,-0.787957,0.990508,-0.888206
0.116696,0.724979,1.344460,0.719394,0.256744,0.466289,0.448863,0.163897,0.452362,0.141659
1.102630,1.007752,1.619484,-0.101468,0.369340,-0.291557,-0.028891,0.758806,-0.025990,-0.373273
-0.446694,1.007752,0.244365,1.350826,-0.700325,1.568611,1.404372,-0.728466,0.392568,-0.945421
1.173054,-0.500372,2.352881,-0.101468,0.313042,-0.291557,-0.506646,0.758806,-0.324959,0.427733
1.454750,0.347948,0.794413,-0.038324,0.425639,-0.291557,-0.685804,0.639824,-0.444547,0.771022
-0.305847,1.761814,-0.305682,0.656251,-0.700325,1.361925,0.687740,-0.014576,0.213186,-0.487703
0.468816,-0.123341,-0.122333,-1.301188,1.326409,-1.393879,-0.864962,1.353715,-1.162075,1.514813
0.539240,-1.065918,0.061016,-1.301188,1.157515,-1.118299,-1.521874,0.937279,-1.401251,1.572028
-0.305847,0.724979,0.794413,0.908824,-0.306238,1.293030,0.448863,-0.193048,-0.205372,-0.487703
0.187120,1.667556,-0.122333,0.529964,-0.362536,1.224135,-0.387207,-0.014576,0.033804,-0.258844
1.102630,1.573298,0.336040,0.151105,0.481937,0.328499,0.389144,0.520842,0.571950,0.484948
2.018140,-0.217599,0.702738,-0.796043,0.988620,-0.429348,-1.282997,1.353715,-0.564135,0.942666
0.468816,0.819237,1.436135,0.024819,0.087849,-1.118299,-0.028891,0.877788,-0.743517,0.542163
1.454750,-0.217599,1.619484,-1.174902,0.256744,-0.704928,-0.566365,0.580333,-0.384753,0.771022
0.750511,-0.783145,-0.214007,-0.985472,1.382708,-1.049404,-1.044120,1.234733,-1.221869,0.999880
0.187120,1.761814,0.061016,0.719394,-0.700325,1.637506,0.090547,-0.431012,0.452362,-0.144414
-0.164999,-0.406114,-0.947404,-1.553761,1.495304,-1.118299,-1.402435,0.639824,-1.281663,1.686457
-1.221357,0.159432,-0.855729,0.845680,-0.925518,0.535184,1.046056,-1.501848,0.811126,-0.945421
1.595597,-0.783145,-0.122333,-1.174902,0.707129,-0.842718,-1.044120,1.353715,-1.221869,0.656592
1.313902,0.159432,1.252786,-0.922329,0.650831,-1.187194,-0.506646,1.056260,-0.683723,0.771022
-1.291781,-0.217599,-0.580706,1.224540,-0.812921,0.397394,1.643249,-1.263884,1.050302,-1.002635
1.525173,-0.123341,1.436135,-0.796043,0.932322,-0.429348,-0.805242,1.115751,-0.683723,0.484948
-0.939661,0.819237,0.886087,0.529964,-0.362536,1.361925,1.225214,-0.668975,1.050302,-1.231494
0.257544,-1.254434,0.152691,-1.364332,1.270111,-1.462774,-1.282997,0.342370,-1.341457,1.457598
-0.869237,0.347948,-0.305682,1.540256,-1.488499,0.604079,0.986337,-0.847448,0.930714,-0.659347
1.173054,-1.254434,-0.305682,-0.796043,0.819726,-1.256089,-1.223277,1.413206,-1.281663,0.942666
1.736445,-0.500372,-0.489031,-1.238045,0.707129,-1.049404,-1.282997,1.472697,-0.863105,0.771022
-0.446694,0.347948,0.061016,1.413969,-0.587729,1.430820,0.389144,-0.371521,0.691538,-0.830991
1.313902,-0.783145,0.061016,-1.616904,0.369340,-1.324984,-1.223277,1.948624,-0.922899,0.885451
1.736445,-0.783145,-0.030658,-1.174902,0.313042,-1.256089,-1.163558,1.472697,-1.401251,0.599377
1.454750,-0.500372,1.436135,0.024819,0.200446,-0.704928,-0.387207,1.234733,-0.324959,0.713807
-1.573476,-0.217599,-0.672380,1.287683,-0.587729,0.397394,0.926617,-1.025921,1.110095,-1.002635
1.384326,-0.877403,1.527809,-1.427475,0.256744,-0.222662,-0.446927,-0.074066,-0.444547,0.542163
0.539240,-0.311856,-0.214007,-1.111759,1.439006,-0.980509,-1.044120,1.234733,-1.102281,0.713807
-1.010085,-0.029083,-1.130753,1.477112,-0.981816,0.259603,1.643249,-0.847448,1.528653,-0.888206
-1.291781,-0.029083,-0.580706,1.666542,-0.700325,0.948555,1.284933,-0.966430,1.050302,-0.945421
0.468816,-1.160176,-0.214007,-1.616904,1.439006,-1.738355,-1.342716,0.401861,-1.281663,1.400384
-0.939661,-1.254434,-0.764055,0.593108,-1.319605,-0.084872,1.284933,-1.263884,-1.042487,-1.403138
-0.869237,1.007752,0.611064,0.719394,-0.475132,1.568611,1.284933,-1.085412,1.050302,-0.888206
1.102630,-0.688887,1.436135,0.087962,0.313042,-0.015977,-0.566365,1.115751,-0.683723,0.427733
-0.869237,0.724979,-1.039079,1.477112,-0.812921,0.672974,1.523811,-0.966430,1.588447,-1.231494
0.257544,-0.500372,-1.222428,-0.796043,1.833093,-1.669460,-0.984400,0.580333,-1.162075,1.343169
-1.080509,-0.029083,-1.864150,0.593108,-1.038114,0.672974,0.030828,-1.144902,1.409065,-1.117065
-0.446694,0.630721,0.794413,0.214248,-0.249940,1.430820,0.747460,-0.847448,0.213186,-0.373273
-0.798814,1.573298,1.344460,-0.038324,0.876024,0.879659,0.090547,1.056260,0.392568,-0.659347
-0.376270,1.667556,0.702738,0.908824,-0.249940,1.499716,0.687740,-0.252539,0.631744,-0.716562
-1.150933,1.290525,-0.214007,0.340535,-0.700325,1.844191,0.986337,-1.144902,0.213186,-0.659347
0.187120,-0.217599,0.061016,-1.553761,1.439006,-0.980509,-1.044120,0.996769,-1.341457,0.828236
-1.221357,0.724979,-0.580706,1.224540,-1.150710,0.948555,0.807179,-0.906939,1.409065,-0.773776
0.539240,-0.500372,0.152691,-1.111759,1.270111,-1.600565,-1.342716,1.294224,-1.341457,0.771022
1.313902,-0.123341,0.886087,-1.680048,0.481937,-0.980509,-1.402435,1.056260,-1.102281,0.599377
-1.925595,0.630721,0.061016,1.161396,-0.869219,0.948555,0.986337,-0.847448,0.213186,-0.487703
1.595597,0.159432,1.436135,-0.669756,0.763428,-0.980509,-0.685804,1.056260,-0.803311,0.427733
0.257544,0.253690,2.077857,0.087962,0.031551,0.604079,0.150267,0.044915,-0.205372,0.771022
-1.503052,0.536463,-0.397357,0.971967,-1.038114,1.224135,1.225214,-0.966430,0.870920,-0.659347
-0.235423,1.007752,0.611064,0.466821,-0.137343,1.430820,0.389144,-0.074066,0.392568,-0.830991
-1.784747,-0.029083,-2.505872,0.529964,-1.488499,0.672974,0.508582,-1.263884,1.409065,-1.288709
-0.446694,-2.102753,0.061016,-1.048616,1.044918,-1.118299,-1.402435,0.401861,-1.341457,2.029746
-0.587542,1.007752,0.336040,0.656251,-1.038114,0.328499,-0.387207,-0.074066,-0.085784,-1.002635
-0.728390,1.950329,0.152691,0.340535,-0.531430,1.706401,0.747460,-0.371521,0.930714,-0.716562
-0.939661,-0.406114,-0.030658,0.719394,-0.756623,0.466289,1.404372,-1.025921,0.990508,-1.002635
0.750511,0.442206,1.986182,0.087962,0.425639,0.466289,-0.028891,0.342370,-0.803311,0.828236
1.384326,1.196267,2.352881,-0.164611,0.707129,-0.567138,-0.446927,0.996769,-0.085784,0.313304
-1.291781,-0.500372,-0.397357,-1.301188,1.495304,-1.324984,-1.342716,0.461352,-1.401251,1.343169
-0.657966,0.630721,0.152691,0.593108,-0.700325,1.568611,1.404372,-0.728466,0.870920,-0.716562
-0.235423,1.384783,-0.397357,1.287683,-1.094412,1.637506,0.807179,-0.431012,0.571950,-1.231494
0.468816,-1.160176,-0.580706,-1.111759,1.044918,-0.980509,-1.342716,0.937279,-1.281663,1.629243
-1.221357,-0.311856,-1.222428,1.035110,-1.601096,-0.842718,0.687740,-1.085412,1.050302,-1.345924
-0.869237,-0.123341,0.061016,0.782537,-0.812921,0.604079,0.747460,-1.501848,0.811126,-0.830991
-1.291781,0.630721,-0.030658,1.161396,-0.362536,1.293030,0.628021,-0.193048,0.452362,-0.544917
-1.010085,-0.500372,-0.947404,0.845680,-1.375903,0.535184,0.747460,-1.382866,0.811126,-1.231494
-1.996019,-0.029083,-1.314102,1.540256,-0.981816,0.810764,1.702968,-1.382866,0.870920,-0.716562
-1.010085,-0.217599,-1.039079,0.845680,-1.038114,0.604079,0.926617,-1.799302,1.409065,-1.345924
1.806869,-0.123341,1.069437,-0.669756,0.763428,-0.842718,-1.282997,1.115751,-1.221869,0.256089
0.116696,1.573298,1.344460,0.340535,-0.024747,1.017450,0.030828,0.937279,0.870920,0.313304
-0.587542,0.159432,-1.314102,1.477112,-1.488499,1.293030,1.225214,-0.847448,1.229683,-0.602132
-1.010085,1.573298,-0.122333,1.287683,-1.038114,1.086345,1.046056,-0.966430,0.930714,-1.002635
-1.080509,-0.594630,-1.314102,0.529964,-1.432201,0.259603,0.687740,-1.263884,1.409065,-1.231494
0.539240,0.347948,1.711159,-0.543470,0.594533,-0.636033,-0.387207,0.639824,-0.384753,0.542163
-0.305847,1.007752,0.427715,1.161396,-0.475132,1.706401,0.448863,-0.549994,0.392568,-0.487703
0.468816,-1.537207,-0.305682,-1.806334,1.833093,-1.393879,-1.282997,0.520842,-1.221869,1.343169
1.384326,0.347948,1.069437,0.024819,0.538235,-0.153767,-1.103839,0.937279,-0.623929,0.771022
-0.939661,0.536463,-0.947404,1.098253,-0.475132,1.430820,0.687740,-0.906939,0.631744,-0.945421
-0.164999,1.856072,0.427715,1.350826,-0.700325,1.499716,0.747460,-0.728466,0.691538,-0.716562
1.595597,-0.688887,0.977762,-0.417184,1.044918,-0.842718,-0.924681,1.175242,-0.982693,-0.029985
-1.010085,-0.783145,-1.130753,0.656251,-1.263307,0.604079,1.344653,-1.561339,0.512156,-0.544917
-0.728390,1.761814,0.244365,0.656251,-1.094412,1.706401,0.866898,-0.252539,1.050302,-0.430488
-0.164999,1.007752,-0.397357,1.098253,-0.249940,0.328499,0.030828,-0.133557,0.631744,-0.373273
-0.869237,0.253690,-1.222428,0.466821,-0.812921,1.430820,1.284933,-1.144902,0.930714,-0.716562
-1.150933,-0.123341,-2.322523,0.593108,-1.319605,0.604079,0.866898,-1.323375,1.050302,-1.345924
-0.587542,1.479041,0.336040,0.656251,-0.869219,1.086345,1.225214,-0.787957,0.512156,-0.602132
-0.728390,1.196267,0.702738,0.971967,-0.700325,1.499716,0.807179,-0.252539,1.050302,-0.430488
1.313902,1.196267,2.077857,0.277392,0.256744,-0.360453,-0.626084,0.461352,0.153392,0.256089
-0.024151,0.442206,-0.305682,1.161396,-0.700325,1.430820,1.046056,-1.442357,0.811126,-0.830991
-1.573476,-0.500372,-0.672380,0.087962,-1.488499,0.397394,0.926617,-1.799302,1.767829,-1.345924
-1.221357,-0.123341,-0.672380,0.529964,-1.094412,0.328499,1.404372,-1.620829,1.468859,-1.288709
-0.587542,0.442206,-0.397357,0.656251,-1.263307,0.328499,1.523811,-1.085412,0.870920,-0.716562
-1.150933,-0.311856,-2.230848,0.971967,-1.488499,0.259603,0.150267,-0.966430,0.870920,-1.231494
1.173054,-0.406114,0.152691,-0.985472,0.819726,-0.911613,-1.402435,1.472697,-1.042487,-0.029985
0.680087,-0.311856,0.977762,-0.101468,0.425639,-0.498243,-0.387207,0.818297,-0.205372,0.427733
-0.869237,1.007752,-0.305682,0.277392,-0.700325,0.948555,0.687740,-0.668975,1.110095,-1.345924
1.313902,0.724979,2.352881,-0.290897,0.538235,-0.291557,-1.103839,1.056260,-0.324959,0.542163
1.525173,-0.029083,1.069437,-0.732900,0.369340,-1.393879,-1.223277,1.234733,-1.162075,0.828236
1.806869,-0.406114,1.252786,-0.354040,0.876024,-1.393879,-1.103839,0.877788,-1.221869,0.313304
1.313902,-0.688887,1.711159,-1.048616,0.538235,-0.842718,-0.566365,0.639824,-0.564135,0.771022
0.750511,-0.594630,-0.397357,-1.553761,0.369340,-1.600565,-1.044120,1.591678,-1.162075,0.771022
1.243478,-0.688887,0.061016,-1.301188,1.270111,-1.256089,-1.342716,1.472697,-0.743517,0.942666
-1.643900,-1.254434,-2.047499,0.529964,-1.207009,0.535184,0.628021,-1.085412,1.050302,-1.117065
-1.643900,-0.029083,-0.672380,0.656251,-0.812921,0.672974,0.687740,-1.025921,0.811126,-1.345924
-2.207291,-0.217599,-1.222428,-0.164611,-1.319605,0.810764,-0.267769,-1.204393,1.110095,-1.345924
0.539240,-0.877403,-0.764055,-1.680048,1.157515,-0.704928,-1.282997,1.532187,-0.982693,0.427733
1.525173,-0.783145,-0.030658,-0.922329,1.044918,-1.462774,-1.342716,1.472697,-0.922899,0.656592
-0.869237,0.724979,-0.672380,1.287683,-0.812921,1.293030,0.926617,-0.966430,1.409065,-0.716562
-0.939661,-0.217599,-0.672380,1.035110,-0.981816,0.672974,1.404372,-1.323375,1.588447,-1.174280
-1.080509,-0.029083,-1.772475,0.340535,-1.207009,0.535184,1.225214,-0.966430,1.289477,-1.345924
0.187120,1.761814,1.069437,0.529964,-0.306238,0.879659,0.687740,-0.490503,-0.085784,-0.487703
1.313902,-0.123341,-1.130753,-1.048616,1.382708,-0.704928,-1.282997,1.413206,-1.281663,1.057095
-1.573476,-0.029083,-1.497451,0.340535,-0.925518,0.259603,0.687740,-0.906939,1.468859,-1.288709
0.257544,2.044587,1.436135,0.214248,0.369340,-0.084872,-0.864962,0.342370,-0.444547,0.542163
0.750511,0.347948,2.169532,-0.290897,0.481937,0.121813,-0.805242,0.639824,-0.384753,0.370518
0.257544,1.950329,0.061016,1.287683,-0.812921,0.259603,0.209986,0.163897,0.512156,-0.830991
-0.587542,0.065175,-0.214007,0.845680,-0.812921,0.810764,0.926617,-0.966430,0.930714,-1.288709
0.820935,-1.254434,-0.672380,-0.796043,1.607900,-1.187194,-1.223277,0.401861,-1.341457,1.171525
1.736445,-0.217599,1.252786,-0.354040,1.044918,-1.807250,-1.163558,0.877788,-1.162075,0.370518
1.454750,-0.594630,0.061016,-1.048616,0.538235,-1.945040,-1.223277,1.889133,-1.162075,0.599377
-1.010085,-0.500372,-0.305682,0.593108,-0.925518,0.604079,1.404372,-1.144902,1.528653,-1.288709
0.750511,-0.971661,-0.397357,-1.364332,1.326409,-1.807250,-1.521874,0.996769,-1.221869,0.885451
0.468816,-0.783145,-0.489031,-1.301188,0.481937,-1.118299,-1.103839,0.520842,-1.162075,2.029746
0.257544,-0.688887,-0.305682,-1.616904,1.382708,-1.049404,-0.566365,-0.014576,-1.281663,1.400384
0.539240,1.761814,1.436135,0.214248,-0.024747,0.604079,0.508582,-0.252539,0.392568,-0.144414
1.525173,-0.217599,1.069437,-1.806334,0.481937,-0.842718,-0.984400,1.353715,-0.922899,0.427733
-1.080509,-1.160176,0.152691,-0.859186,0.876024,-1.049404,-1.103839,-0.014576,-1.221869,1.743672
0.468816,-0.594630,-0.397357,-0.922329,1.101217,-1.324984,-0.924681,0.877788,-0.743517,1.514813
0.187120,1.573298,1.069437,0.277392,0.313042,0.948555,-0.148330,1.115751,0.033804,-0.544917
0.468816,-0.971661,-1.405777,-1.616904,0.256744,-1.669460,-1.521874,0.461352,-1.162075,1.972531
-0.939661,0.630721,-0.214007,0.908824,-0.925518,0.397394,0.747460,-0.728466,1.409065,-0.888206
1.173054,0.065175,0.152691,-0.796043,0.369340,-1.324984,-1.044120,1.115751,-1.162075,0.484948
-0.446694,-1.537207,-0.672380,-0.922329,1.326409,-1.187194,-0.864962,0.401861,-1.281663,1.686457
-0.164999,1.667556,1.619484,-0.227754,0.200446,0.121813,0.030828,0.818297,-0.265166,0.542163
-0.517118,0.253690,-0.489031,0.529964,-1.094412,0.397394,1.404372,-0.966430,0.990508,-0.716562
-1.291781,1.573298,0.336040,0.529964,-0.475132,1.706401,1.046056,-0.549994,1.050302,-0.602132
0.609663,-0.500372,0.152691,-1.174902,1.382708,-0.980509,-1.103839,1.353715,-1.341457,0.828236
-0.939661,-1.065918,-2.047499,0.403678,-1.375903,0.121813,0.209986,-1.263884,0.811126,-1.345924
1.595597,-0.029083,1.436135,-0.543470,0.256744,-1.118299,-0.506646,1.234733,-0.803311,0.484948
-0.869237,-0.688887,-1.772475,0.529964,-1.319605,0.397394,0.389144,-1.204393,1.588447,-1.288709
-0.587542,1.007752,0.061016,1.161396,-0.869219,1.568611,0.687740,-0.847448,0.751332,-0.830991
-1.010085,-0.123341,0.061016,0.403678,-1.207009,0.604079,0.628021,-1.204393,1.169889,-1.117065
0.609663,0.347948,1.252786,0.214248,0.313042,0.672974,0.269705,0.580333,0.452362,0.713807
-1.080509,0.913494,-0.214007,1.098253,-0.700325,0.672974,1.225214,-0.728466,0.990508,-0.945421
-0.587542,1.761814,-0.580706,1.287683,-0.812921,1.775296,1.284933,-1.382866,0.631744,-1.002635
-1.855171,-0.029083,-0.489031,1.287683,-1.207009,0.672974,1.284933,-1.323375,0.571950,-0.888206
0.609663,0.819237,1.436135,-0.543470,0.763428,-0.980509,-0.387207,0.639824,-0.444547,0.370518
-1.503052,-1.254434,-0.855729,1.540256,-1.150710,0.466289,0.150267,-0.966430,1.409065,-1.117065
1.313902,0.819237,1.802833,-0.543470,0.313042,-0.153767,0.030828,0.520842,-0.205372,0.313304
1.666021,-0.029083,0.336040,-0.859186,0.707129,-1.324984,-1.342716,1.234733,-0.803311,0.942666
-0.305847,0.819237,0.702738,0.845680,-0.925518,1.361925,1.105775,-0.371521,0.033804,-0.430488
-0.164999,0.724979,0.061016,0.087962,-0.081045,1.293030,0.389144,0.104406,0.452362,-0.716562
-1.080509,0.724979,-2.597546,0.466821,-0.925518,0.535184,1.284933,-1.501848,0.811126,-1.174280
1.102630,-0.500372,1.619484,-0.543470,1.044918,-0.429348,-0.984400,1.115751,-1.102281,0.656592
-0.376270,0.253690,-0.489031,1.035110,-1.375903,1.706401,0.747460,-0.847448,0.751332,-0.773776
0.750511,1.573298,1.436135,0.908824,0.031551,0.259603,0.329424,0.104406,0.392568,0.141659
-1.573476,-0.029083,-0.855729,0.719394,-1.038114,0.879659,1.284933,-1.561339,0.571950,-0.830991
1.384326,0.253690,0.886087,0.024819,0.425639,-0.084872,-0.864962,0.580333,-0.384753,0.542163
-1.362204,-1.348691,-0.855729,0.340535,-1.657394,0.466289,1.165495,-1.144902,1.468859,-1.345924
-1.150933,-0.217599,-0.397357,0.529964,-0.700325,0.535184,0.807179,-0.966430,1.648241,-1.231494
-0.446694,0.347948,0.427715,1.287683,-0.362536,1.017450,0.628021,-1.025921,0.571950,-0.716562
1.525173,-0.783145,-0.030658,-1.238045,0.707129,-0.980509,-1.462155,1.770151,-1.102281,0.713807
0.187120,2.138845,0.794413,-0.038324,-0.587729,0.741869,-0.088611,0.044915,0.512156,-0.430488
1.595597,-0.594630,1.252786,-0.985472,0.200446,-0.911613,-0.745523,1.234733,-1.341457,0.427733
0.257544,-0.500372,-0.397357,-1.238045,1.833093,-0.842718,-1.521874,0.877788,-1.221869,1.285954
-0.587542,0.724979,0.152691,1.098253,-1.207009,0.535184,0.329424,-0.668975,0.512156,-0.773776
0.327968,1.856072,1.161111,0.466821,0.481937,0.741869,0.747460,0.223388,0.631744,0.542163
1.454750,-0.029083,1.527809,-0.669756,0.538235,-0.429348,-0.685804,0.996769,-0.922899,0.542163
-0.446694,0.913494,-0.947404,1.413969,-0.587729,0.879659,1.165495,-0.906939,0.631744,-0.945421
-0.728390,0.347948,-0.672380,0.782537,-0.869219,1.361925,1.284933,-1.680320,0.930714,-0.773776
-0.869237,0.253690,-0.030658,1.161396,-1.319605,1.568611,1.225214,-0.609484,0.870920,-1.174280
-0.939661,-1.348691,-1.222428,1.540256,-0.869219,0.879659,0.986337,-1.263884,1.349271,-0.830991
0.820935,-0.311856,-0.122333,-1.048616,1.495304,-1.600565,-0.984400,1.115751,-1.341457,0.599377
0.257544,1.479041,1.436135,-0.038324,0.763428,-0.429348,-0.327488,-0.074066,0.153392,0.542163
-0.376270,0.253690,-0.030658,0.403678,-1.150710,0.466289,0.687740,-1.442357,1.169889,-0.830991
-0.305847,-1.254434,-0.305682,-1.553761,0.819726,-1.256089,-1.044120,0.461352,-1.281663,1.858102
1.595597,-0.029083,0.336040,-1.238045,0.763428,-0.360453,-0.685804,1.115751,-1.341457,0.599377
-0.939661,0.347948,-2.322523,1.540256,-1.150710,0.259603,1.225214,-1.204393,1.827623,-1.231494
-0.446694,1.950329,0.427715,0.529964,-0.024747,1.017450,0.508582,-0.014576,0.153392,-1.002635
1.384326,0.536463,1.619484,-0.354040,0.313042,0.052918,-0.446927,1.175242,-0.025990,0.427733
0.680087,1.667556,2.169532,0.340535,0.200446,0.535184,-0.208049,1.115751,-0.444547,-0.029985
-0.587542,0.253690,0.702738,1.287683,0.031551,1.568611,0.269705,-0.312030,0.272980,-0.773776
1.454750,-0.123341,0.886087,-0.796043,0.425639,-1.324984,-0.805242,1.056260,-0.863105,0.484948
-0.869237,1.573298,-0.580706,1.224540,-0.475132,1.293030,0.807179,-0.490503,0.093598,-0.716562
0.750511,1.950329,1.344460,0.151105,1.044918,0.052918,0.030828,0.223388,0.033804,0.313304
0.327968,1.384783,-0.305682,0.593108,-0.531430,0.879659,0.448863,0.223388,0.392568,-0.373273
1.384326,-0.688887,-0.764055,-1.174902,1.382708,-0.980509,-0.984400,1.532187,-1.341457,1.285954
-1.080509,0.065175,-0.855729,1.477112,-1.094412,0.535184,1.583530,-1.204393,0.631744,-0.773776
-0.376270,-1.160176,-1.130753,-1.427475,1.607900,-0.842718,-1.223277,0.223388,-1.281663,1.457598
0.327968,-0.123341,-0.122333,-1.048616,1.270111,-1.049404,-1.402435,1.234733,-1.341457,1.285954
-0.235423,-1.442949,0.061016,-0.922329,1.157515,-1.600565,-1.223277,0.104406,-1.341457,2.144175
0.187120,1.667556,1.436135,0.277392,0.256744,-0.222662,-0.446927,0.461352,-0.623929,0.542163
1.454750,-0.500372,-0.030658,-0.985472,1.157515,-1.876145,-1.223277,1.829642,-1.162075,0.771022
0.257544,0.253690,-0.214007,1.098253,-0.756623,0.397394,0.329424,0.044915,0.870920,-0.716562
-0.939661,0.724979,-0.855729,1.161396,-1.375903,0.741869,1.165495,-1.739811,0.272980,-0.544917
-0.728390,0.630721,-0.305682,1.540256,-1.319605,0.397394,1.523811,-1.085412,0.631744,-0.659347
1.102630,-0.783145,-0.397357,-1.490618,1.382708,-1.187194,-1.402435,0.937279,-1.341457,1.228739
-0.657966,0.724979,-1.405777,1.224540,-0.981816,1.086345,1.046056,-0.847448,0.631744,-0.659347
1.313902,-1.160176,-1.222428,-1.616904,1.270111,-1.049404,-1.402435,1.770151,-1.401251,0.484948
0.046273,0.442206,1.161111,0.529964,0.087849,0.879659,-0.088611,0.818297,-0.324959,0.370518
2.088564,-0.217599,0.702738,-0.922329,1.044918,-0.429348,-0.805242,1.294224,-0.683723,0.713807
-1.150933,-0.500372,-1.039079,0.908824,-1.544798,0.672974,1.284933,-1.799302,0.870920,-1.345924
-0.939661,-0.594630,-1.039079,1.098253,-1.601096,0.328499,0.807179,-1.204393,1.169889,-1.002635
-1.503052,-0.029083,-1.405777,0.719394,-1.432201,0.397394,1.284933,-1.620829,1.289477,-1.059850
-1.221357,-0.406114,-0.855729,1.161396,-0.925518,-0.842718,1.464091,-1.204393,1.289477,-1.002635
-0.446694,1.573298,-0.122333,0.908824,-0.756623,1.844191,0.807179,-0.371521,0.571950,-0.602132
1.454750,-0.217599,1.619484,-0.417184,0.538235,-0.153767,-0.984400,0.758806,-0.504341,0.542163
-1.010085,-0.217599,-1.039079,0.782537,-0.981816,0.328499,0.986337,-1.561339,0.870920,-1.231494
0.539240,-1.537207,-0.122333,-1.743191,1.270111,-1.256089,-1.462155,-0.193048,-1.221869,1.800887
-0.517118,-1.725722,0.061016,-0.796043,1.833093,-0.980509,-1.163558,0.699315,-1.341457,1.400384
0.187120,2.233103,1.252786,0.340535,-0.249940,0.121813,0.448863,-0.787957,0.272980,-0.029985
0.891359,-0.500372,-0.214007,-0.859186,1.439006,-1.669460,-1.402435,1.115751,-1.162075,0.656592
0.539240,-0.217599,-0.122333,-1.174902,1.270111,-1.876145,-0.924681,1.353715,-1.341457,1.514813
1.313902,-0.217599,-0.489031,-1.364332,1.101217,-1.049404,-1.223277,1.353715,-1.341457,-0.201629
-1.432628,0.630721,-0.305682,0.593108,-1.150710,0.948555,0.448863,-0.609484,1.349271,-1.403138
0.820935,-1.160176,-0.947404,-1.301188,1.213813,-0.980509,-1.342716,1.234733,-1.102281,1.285954
0.187120,0.065175,0.061016,0.214248,-0.249940,1.568611,0.389144,0.163897,0.392568,-0.144414
-1.362204,-0.311856,-0.030658,0.719394,-1.150710,1.224135,1.225214,-0.728466,0.392568,-1.002635
0.680087,-0.123341,1.161111,-0.164611,0.538235,-0.084872,-0.446927,1.056260,-0.085784,0.771022
-0.305847,1.007752,-0.580706,1.035110,-0.531430,1.706401,0.747460,-0.371521,0.691538,-1.002635
-1.643900,-0.029083,-1.772475,0.403678,-1.432201,0.328499,0.448863,-1.204393,1.409065,-1.345924
0.257544,-1.160176,0.336040,-1.490618,1.270111,-1.256089,-1.282997,0.461352,-1.162075,1.514813
-0.869237,0.536463,-0.947404,1.603399,-1.319605,1.430820,1.046056,-1.620829,0.631744,-1.002635
-0.446694,0.065175,-0.122333,1.603399,-1.094412,0.535184,1.464091,-0.966430,0.751332,-0.945421
0.257544,-1.442949,-0.489031,-1.301188,1.270111,-1.462774,-1.282997,0.223388,-1.102281,1.858102
-0.305847,0.819237,0.152691,1.161396,-0.869219,0.879659,0.986337,-1.025921,1.050302,-1.231494
1.595597,0.347948,1.436135,-0.669756,0.988620,-0.842718,-0.685804,0.937279,-1.042487,0.771022
-1.784747,-0.217599,-0.672380,1.477112,-0.700325,0.879659,1.464091,-1.501848,0.751332,-0.602132
-1.080509,-0.500372,-0.672380,0.719394,-0.925518,0.604079,0.866898,-1.620829,1.648241,-0.830991
-0.235423,-1.914238,-0.214007,-1.364332,0.988620,-1.600565,-1.342716,-0.133557,-1.461045,1.457598
-0.587542,0.630721,-0.122333,0.908824,-1.094412,1.430820,0.986337,-1.323375,1.289477,-1.231494
0.961783,-1.160176,-0.489031,-1.174902,1.101217,-1.876145,-0.984400,1.710660,-0.922899,0.713807
-1.291781,-0.217599,-1.405777,0.277392,-1.319605,0.535184,0.986337,-1.204393,1.767829,-1.345924
-1.010085,-1.537207,-0.764055,-0.480327,-1.375903,0.672974,1.344653,-1.739811,1.767829,-1.288709
-1.432628,1.102010,-0.214007,0.593108,-0.756623,1.430820,1.046056,-0.490503,1.110095,-0.659347
1.173054,-0.217599,-1.130753,-1.427475,0.819726,-1.049404,-1.462155,1.472697,-1.221869,0.885451
-1.150933,-0.311856,-1.314102,0.277392,-0.981816,0.604079,1.046056,-1.263884,1.648241,-1.117065
-1.010085,-0.500372,-1.589126,1.035110,-1.488499,0.535184,0.508582,-0.847448,0.512156,-1.288709
-1.150933,0.159432,-1.130753,1.161396,-0.587729,1.361925,0.508582,-0.966430,0.631744,-1.002635
-1.010085,0.724979,-0.305682,0.340535,-0.869219,0.604079,1.284933,-1.501848,0.691538,-1.231494
1.313902,-0.311856,1.619484,-0.985472,1.101217,-0.291557,-0.805242,1.115751,-0.922899,0.771022
0.327968,2.044587,1.069437,0.403678,0.481937,0.259603,-0.208049,0.520842,-0.324959,0.427733
2.018140,0.159432,1.069437,-0.985472,0.594533,-0.842718,-0.924681,1.353715,-0.623929,0.599377
0.961783,1.761814,1.802833,0.466821,0.313042,0.328499,0.090547,0.223388,0.512156,0.256089
-0.939661,-0.500372,-0.672380,1.350826,-0.644027,0.604079,1.284933,-0.847448,1.409065,-0.945421
-0.939661,0.159432,-0.397357,0.908824,-0.925518,0.604079,0.926617,-0.966430,0.870920,-1.231494
1.313902,0.347948,-0.672380,-0.290897,0.538235,-0.153767,-0.208049,0.937279,-0.564135,0.427733
-0.024151,-1.065918,-0.305682,-1.174902,1.382708,-0.980509,-1.223277,0.223388,-1.281663,2.144175
0.891359,0.159432,2.352881,-0.417184,0.538235,0.259603,-0.446927,0.996769,-0.564135,0.141659
-0.376270,-1.065918,-0.397357,-1.111759,0.707129,-1.118299,-1.223277,0.223388,-1.281663,1.400384
-1.573476,1.573298,0.427715,0.214248,-0.700325,1.637506,0.866898,-0.074066,1.050302,-0.373273
-0.376270,-1.254434,-0.030658,-0.985472,0.819726,-1.324984,-1.521874,0.163897,-1.341457,1.514813
0.046273,-1.537207,-0.489031,-0.859186,1.270111,-1.049404,-1.462155,0.461352,-1.162075,1.686457
0.609663,-0.594630,-0.030658,-1.238045,1.495304,-1.393879,-1.342716,1.056260,-1.221869,1.285954
-1.010085,0.253690,-0.122333,1.035110,-0.812921,0.604079,0.090547,-0.906939,1.110095,-0.773776
-1.855171,0.913494,0.977762,0.782537,-1.319605,1.775296,0.448863,-0.906939,-0.085784,-0.945421
0.327968,-1.254434,-0.122333,-0.922329,1.382708,-1.393879,-0.924681,0.401861,-1.341457,1.514813
1.313902,-1.348691,0.061016,-0.985472,0.594533,-1.049404,-1.402435,1.829642,-0.982693,0.599377
-0.164999,0.724979,1.252786,-0.732900,0.538235,-1.118299,-0.387207,-0.133557,-0.205372,0.141659
0.750511,1.856072,0.244365,0.529964,0.313042,0.466289,-0.566365,0.818297,-0.863105,0.484948
1.595597,-0.029083,1.619484,-0.796043,0.707129,-0.291557,-0.805242,0.461352,-0.803311,0.484948
1.454750,-0.500372,-0.030658,-1.238045,1.157515,-1.256089,-1.044120,1.829642,-1.102281,0.828236
-0.939661,-0.500372,-0.855729,1.729685,-1.207009,0.328499,1.762688,-1.204393,0.990508,-1.403138
-0.869237,0.724979,-0.397357,1.224540,-0.700325,1.224135,0.628021,-0.847448,0.930714,-1.174280
-0.094575,-1.537207,0.061016,-0.922329,0.988620,-1.049404,-1.044120,0.223388,-1.461045,2.086960
1.173054,0.724979,2.261206,-0.417184,0.763428,0.259603,-0.566365,0.699315,-0.564135,0.027230
-0.164999,0.630721,0.336040,0.656251,-0.081045,0.604079,0.807179,-0.490503,0.033804,-0.487703
-1.010085,-0.123341,-2.689221,0.529964,-0.981816,0.328499,0.986337,-1.085412,1.648241,-1.403138
0.187120,1.573298,0.886087,0.024819,-0.587729,0.810764,0.687740,-0.133557,0.392568,-0.316058
0.327968,-2.385527,-0.672380,-1.427475,0.819726,-1.187194,-1.402435,0.877788,-1.221869,1.972531
-1.010085,0.536463,-0.214007,0.782537,-0.869219,0.879659,1.046056,-0.966430,0.571950,-0.888206
0.609663,-0.688887,-0.030658,-1.174902,1.213813,-1.669460,-1.462155,1.353715,-0.922899,0.656592
0.609663,-0.783145,-0.122333,-1.743191,1.495304,-1.118299,-1.282997,0.104406,-1.401251,1.343169
-0.024151,1.667556,0.977762,0.971967,-0.081045,1.430820,0.329424,-0.371521,0.452362,-0.029985
0.680087,-0.029083,-0.305682,-1.301188,1.326409,-1.462774,-1.402435,1.234733,-1.461045,1.400384
-1.080509,0.253690,-0.672380,1.035110,-1.094412,0.948555,1.225214,-1.263884,0.452362,-0.830991
0.398392,-1.348691,-0.214007,-0.859186,1.270111,-1.049404,-1.282997,0.580333,-1.102281,1.514813
0.257544,-1.254434,-1.130753,-1.301188,1.157515,-1.118299,-1.044120,0.461352,-1.221869,1.629243
-1.573476,-0.311856,-0.855729,1.161396,-0.812921,0.672974,0.747460,-1.561339,1.349271,-0.888206
-0.798814,0.536463,-0.489031,1.161396,-0.249940,0.810764,0.628021,-0.312030,0.751332,-0.659347
-1.150933,1.761814,0.061016,0.593108,-1.544798,1.568611,0.807179,-0.312030,0.930714,-0.258844
-0.517118,0.253690,0.061016,0.214248,-0.981816,0.741869,0.926617,-0.847448,1.528653,-0.659347
0.116696,-1.725722,-0.214007,-1.364332,1.044918,-1.393879,-1.044120,0.223388,-1.221869,2.029746
0.327968,-1.725722,0.061016,-0.922329,1.326409,-1.187194,-1.044120,0.044915,-1.461045,1.457598
1.595597,-0.783145,-0.030658,-1.743191,1.101217,-0.773823,-1.462155,1.472697,-0.922899,0.542163
-1.221357,0.065175,-1.130753,1.540256,-1.150710,0.466289,1.046056,-0.847448,1.767829,-0.716562
0.891359,0.347948,2.169532,-0.227754,0.313042,0.121813,-0.387207,0.699315,-0.324959,0.256089
0.750511,-0.406114,0.152691,-0.796043,1.157515,-1.187194,-1.223277,1.115751,-1.221869,0.828236
1.313902,-0.123341,1.619484,0.087962,0.087849,-0.360453,-0.745523,0.758806,-0.743517,0.427733
-1.080509,-1.537207,-0.672380,0.529964,-1.207009,-0.222662,1.464091,-1.144902,0.990508,-1.288709
-1.150933,0.159432,-0.947404,1.477112,-1.094412,0.259603,1.225214,-0.966430,1.169889,-1.288709
0.750511,-0.311856,1.619484,-0.922329,1.044918,-0.222662,-0.566365,0.996769,-0.922899,0.656592
-1.080509,0.159432,-1.589126,0.908824,-1.432201,0.604079,0.209986,-0.906939,1.528653,-1.231494
1.454750,-0.594630,1.161111,-0.606613,1.044918,-0.567138,-0.864962,1.115751,-0.982693,-0.373273
0.680087,1.196267,1.802833,0.277392,0.369340,0.466289,0.269705,0.996769,-0.085784,0.084445
-0.587542,0.819237,0.061016,0.466821,-1.319605,0.672974,0.807179,-0.906939,1.528653,-0.716562
-0.728390,0.536463,0.152691,0.908824,-1.038114,0.672974,1.165495,-0.787957,0.093598,-0.487703
1.173054,0.630721,1.252786,-0.038324,0.256744,-0.704928,-0.924681,0.937279,-0.265166,0.484948
-1.291781,0.159432,-0.855729,1.161396,-1.038114,0.672974,0.866898,-1.204393,1.528653,-1.288709
0.468816,-1.254434,-0.305682,-1.680048,1.833093,-0.842718,-0.984400,0.877788,-1.162075,1.285954
-0.657966,0.253690,-0.305682,0.529964,-0.700325,0.741869,1.284933,-0.847448,0.930714,-0.659347
-0.869237,-0.594630,-0.672380,0.087962,-1.207009,0.672974,1.404372,-1.382866,0.930714,-1.117065
1.243478,-1.348691,-1.039079,-1.174902,0.707129,-1.738355,-1.223277,1.948624,-1.162075,0.771022
-1.010085,0.253690,-1.314102,1.350826,-0.756623,0.672974,1.225214,-0.906939,1.468859,-0.716562
-0.376270,1.102010,-0.030658,0.719394,-0.700325,1.706401,1.225214,-1.620829,0.631744,-1.059850
-0.798814,0.630721,-0.305682,1.224540,-1.207009,1.637506,1.284933,-1.263884,0.870920,-0.487703
-0.164999,0.630721,0.336040,0.529964,-0.193641,0.741869,0.269705,-0.252539,0.512156,-0.087200
0.468816,0.819237,1.344460,-0.669756,0.538235,-0.429348,-0.387207,0.163897,-0.025990,0.542163
0.187120,0.819237,1.436135,0.277392,0.200446,1.293030,0.389144,0.223388,0.272980,0.484948
-0.305847,0.724979,0.336040,-0.417184,0.256744,-0.015977,-0.805242,0.937279,-0.324959,0.313304
-0.164999,0.913494,-0.397357,1.287683,-0.587729,1.293030,0.807179,-0.966430,0.870920,-1.174280
1.595597,-0.500372,1.252786,-0.796043,1.044918,-0.704928,-0.745523,1.234733,-0.863105,0.370518
-1.643900,0.253690,-0.855729,1.350826,-1.319605,0.190708,1.284933,-1.323375,1.289477,-1.345924
-0.305847,1.007752,0.794413,1.098253,-0.362536,1.637506,0.807179,-0.371521,0.870920,-0.487703
-1.503052,1.761814,0.886087,0.529964,-0.587729,0.879659,0.747460,-0.014576,0.512156,-0.487703
1.102630,2.233103,0.702738,-0.290897,-0.137343,0.397394,0.269705,0.461352,0.392568,0.084445
2.018140,0.159432,1.069437,-0.859186,0.594533,-0.704928,-0.685804,1.353715,-0.683723,0.656592
-0.798814,0.724979,-0.030658,0.656251,-0.475132,0.948555,0.747460,-0.371521,0.272980,-0.830991
-0.728390,0.159432,-0.305682,0.403678,-0.981816,0.604079,1.046056,-0.847448,0.153392,-1.231494
0.539240,-1.160176,-0.214007,-1.616904,1.101217,-1.738355,-0.984400,0.639824,-1.341457,2.086960
0.609663,-0.594630,0.061016,-1.743191,1.495304,-0.911613,-0.924681,-0.074066,-0.982693,1.400384
0.257544,2.044587,1.344460,0.403678,0.369340,0.328499,-1.044120,0.461352,-0.922899,0.542163
1.736445,-0.311856,-1.222428,-1.301188,0.819726,-0.842718,-1.402435,1.353715,-0.803311,0.656592
1.313902,-1.442949,-0.397357,-1.490618,1.326409,-0.567138,-1.282997,1.591678,-1.401251,1.057095
-0.657966,1.950329,-0.489031,0.466821,-0.925518,1.293030,0.807179,-0.371521,0.930714,-0.487703
0.680087,-1.160176,-0.580706,-0.922329,0.650831,-1.738355,-1.521874,1.353715,-1.221869,1.057095
-0.728390,0.724979,-0.122333,1.161396,-1.207009,0.741869,1.464091,-0.847448,0.930714,-0.773776
1.525173,-0.217599,0.336040,-0.669756,0.876024,-0.567138,-0.745523,1.056260,-1.341457,0.713807
0.539240,1.856072,-0.214007,0.466821,-0.362536,0.741869,0.269705,-0.014576,0.153392,-0.201629
0.046273,1.479041,0.061016,0.151105,-0.024747,0.672974,0.030828,0.104406,0.512156,-0.659347
-0.798814,-0.311856,0.061016,1.287683,-0.925518,0.948555,0.866898,-0.847448,1.050302,-0.830991
0.398392,-0.311856,0.061016,-1.174902,1.101217,-0.980509,-1.402435,1.353715,-1.341457,0.542163
1.595597,-0.406114,1.527809,-0.669756,0.819726,-0.429348,-0.685804,0.877788,-1.281663,0.656592
-1.080509,-1.537207,-0.214007,-1.364332,0.538235,-1.324984,-1.282997,0.282879,-1.221869,2.029746
-0.446694,0.630721,-0.764055,1.287683,-0.925518,1.017450,1.046056,-1.204393,1.409065,-1.002635
1.243478,1.102010,1.527809,0.087962,0.256744,-1.049404,0.030828,0.758806,-0.085784,0.141659
0.116696,2.233103,0.244365,0.529964,-0.081045,0.810764,0.568302,0.223388,0.213186,-0.487703
-0.587542,0.536463,-0.489031,0.466821,-1.094412,0.879659,1.105775,-0.787957,1.648241,-1.117065
-0.869237,0.724979,-0.397357,1.350826,-1.263307,1.568611,1.046056,-0.728466,0.392568,-1.002635
-0.587542,-1.065918,-0.672380,1.224540,-0.700325,0.604079,1.523811,-1.323375,0.452362,-0.716562
-1.221357,-0.311856,-0.489031,1.413969,-0.925518,0.466289,1.284933,-0.966430,1.528653,-1.288709
-0.939661,0.159432,-0.672380,0.971967,-1.094412,0.741869,1.225214,-1.085412,1.169889,-0.830991
-1.362204,-0.029083,-0.672380,0.656251,-0.812921,0.672974,0.986337,-1.144902,0.751332,-1.059850
-0.657966,-1.442949,-0.305682,-1.364332,0.538235,-1.118299,-1.342716,0.342370,-1.221869,1.972531
-0.446694,0.724979,-0.305682,1.287683,-1.150710,1.086345,0.986337,-0.728466,1.050302,-0.487703
-1.150933,-1.725722,-1.772475,1.413969,-0.981816,0.328499,1.344653,-1.263884,0.452362,-1.288709
0.680087,0.819237,1.711159,-0.038324,0.087849,0.672974,0.030828,0.818297,-0.863105,0.656592
-0.446694,-0.029083,-0.305682,0.782537,-0.981816,0.672974,0.628021,-1.025921,0.930714,-0.716562
0.187120,-1.160176,0.152691,-1.238045,1.382708,-0.980509,-0.864962,0.520842,-1.341457,1.400384
-1.291781,-0.311856,-0.672380,0.151105,-1.094412,0.672974,0.807179,-1.323375,1.708035,-1.231494
0.116696,1.102010,-0.580706,-0.227754,0.538235,1.017450,0.389144,0.639824,0.272980,0.370518
1.173054,-0.594630,0.061016,-1.680048,0.594533,-1.256089,-1.223277,1.948624,-0.863105,0.999880
-0.657966,1.290525,0.519389,1.413969,-0.644027,1.499716,1.344653,-0.252539,0.631744,-0.659347
0.398392,0.724979,1.436135,-0.354040,0.031551,-0.704928,-0.208049,0.937279,-0.743517,0.427733
0.327968,-1.914238,0.244365,-1.616904,1.495304,-1.738355,-0.805242,0.877788,-1.341457,1.514813
-1.573476,-0.029083,-1.222428,1.540256,-1.375903,0.397394,1.284933,-1.085412,1.349271,-1.174280
-1.150933,0.065175,-0.397357,0.656251,-1.319605,0.535184,1.225214,-1.323375,0.631744,-1.174280
-1.432628,0.442206,-0.122333,0.403678,-0.812921,0.948555,0.568302,-0.490503,1.468859,-1.231494
-0.939661,1.196267,0.336040,0.656251,-0.531430,1.568611,0.628021,-0.787957,0.093598,-0.373273
1.595597,0.065175,1.344460,-1.048616,0.932322,-0.429348,-1.282997,1.115751,-0.564135,0.599377
-1.010085,0.724979,-0.672380,1.413969,-0.475132,1.430820,1.046056,-0.906939,0.930714,-0.602132
0.116696,-1.442949,-1.589126,-1.174902,1.720497,-0.980509,-1.342716,0.223388,-1.341457,1.514813
0.187120,-1.160176,0.152691,-0.796043,1.326409,-1.531669,-1.044120,0.223388,-1.102281,1.400384
-0.446694,1.573298,0.152691,1.161396,-0.531430,1.706401,1.284933,-0.490503,0.512156,-0.830991
-1.855171,-0.311856,-1.039079,1.287683,-1.094412,0.604079,0.747460,-1.204393,1.050302,-1.174280
0.680087,-0.217599,0.152691,-0.796043,1.213813,-1.324984,-1.342716,1.294224,-0.922899,0.542163
-0.024151,1.667556,1.069437,0.656251,-0.475132,1.430820,0.389144,-1.025921,0.512156,-0.029985
0.891359,1.573298,1.527809,0.593108,1.044918,0.672974,-0.566365,0.937279,0.272980,0.484948
-1.080509,0.065175,-0.489031,0.593108,-0.925518,0.948555,1.284933,-1.085412,1.289477,-1.288709
-1.291781,0.724979,0.427715,0.529964,-0.700325,0.466289,1.464091,-0.431012,0.870920,-0.945421
0.257544,-0.406114,-1.039079,-1.553761,1.382708,-1.118299,-0.984400,0.520842,-1.341457,1.285954
-1.573476,-0.406114,-1.039079,0.593108,-1.038114,0.604079,0.747460,-1.085412,1.767829,-1.345924
1.313902,1.761814,1.711159,-0.606613,-0.249940,0.052918,-0.446927,0.699315,-0.324959,0.542163
-0.728390,-0.500372,-0.855729,0.593108,-0.644027,0.879659,0.926617,-1.144902,0.870920,-1.288709
-0.587542,0.253690,0.061016,1.287683,-1.319605,1.637506,0.926617,-0.668975,0.811126,-0.888206
-1.150933,-0.029083,-0.764055,0.971967,-0.925518,0.672974,1.046056,-0.847448,1.050302,-0.773776
-0.164999,-1.914238,0.152691,-0.985472,1.101217,-1.187194,-1.342716,-0.193048,-1.341457,2.201390
0.327968,-2.385527,0.061016,-1.111759,1.044918,-1.324984,-1.044120,0.639824,-1.042487,1.858102
-1.573476,-0.500372,-0.855729,1.540256,-1.038114,0.741869,1.464091,-1.085412,1.349271,-1.059850
1.736445,0.065175,1.069437,-0.606613,1.044918,-1.187194,-0.685804,1.353715,-1.281663,0.542163
-0.798814,1.761814,0.336040,0.593108,-0.756623,1.706401,0.508582,-0.431012,0.392568,-0.430488
0.750511,-0.217599,-0.489031,-0.985472,0.594533,-1.393879,-0.924681,1.234733,-1.162075,0.999880
-1.925595,0.159432,-0.489031,0.466821,-0.981816,-0.980509,1.523811,-0.966430,1.409065,-1.288709
-0.939661,-0.406114,-0.672380,0.782537,-1.038114,0.328499,1.404372,-1.263884,0.870920,-1.231494
0.257544,-1.631465,-0.855729,-1.743191,0.932322,-0.911613,-1.282997,0.461352,-0.922899,1.858102
-0.869237,-0.971661,0.519389,0.845680,-1.432201,1.499716,0.926617,-0.490503,0.691538,-0.716562
-0.869237,-0.029083,-2.322523,1.540256,-1.375903,0.741869,1.523811,-0.906939,0.990508,-1.231494
1.173054,-1.160176,-0.305682,-1.301188,0.932322,-0.773823,-1.044120,1.948624,-0.982693,0.942666
0.187120,-1.725722,-0.030658,-1.680048,1.439006,-0.842718,-0.864962,0.699315,-1.102281,1.343169
-1.221357,-0.406114,-0.947404,1.413969,-1.150710,0.121813,1.284933,-1.025921,0.392568,-0.830991
-1.221357,-0.029083,-0.397357,0.908824,-1.094412,0.535184,0.986337,-1.680320,0.870920,-1.231494
0.046273,1.384783,0.794413,0.529964,-0.981816,1.568611,-0.506646,-0.728466,0.631744,-0.602132
0.820935,1.573298,1.619484,0.151105,0.707129,0.466289,-0.685804,0.877788,0.272980,0.084445
0.539240,-0.971661,0.152691,-1.553761,1.157515,-1.118299,-1.103839,1.353715,-1.341457,1.285954
-1.010085,-0.217599,-1.039079,0.403678,-1.488499,0.672974,0.926617,-1.263884,0.990508,-1.174280
0.187120,-1.442949,-0.214007,-0.985472,1.833093,-0.980509,-1.044120,0.580333,-1.221869,1.343169
-1.291781,0.159432,-0.855729,0.593108,-0.925518,0.397394,0.389144,-1.501848,1.648241,-1.345924
-1.150933,-0.029083,-1.039079,1.540256,-1.038114,0.672974,1.523811,-1.204393,0.870920,-0.945421
0.046273,-1.442949,-1.864150,-0.985472,1.833093,-0.980509,-0.924681,0.520842,-1.162075,1.457598
-0.869237,-0.217599,-0.489031,0.719394,-1.038114,0.190708,1.225214,-1.204393,0.272980,-1.403138
-0.376270,0.724979,-0.305682,1.161396,-0.587729,0.810764,0.030828,-0.431012,0.272980,-0.430488
-0.376270,1.196267,-0.489031,1.350826,-1.150710,0.741869,-0.148330,-0.371521,0.930714,-1.002635
-0.446694,1.479041,0.519389,0.277392,-1.150710,-0.222662,1.284933,-0.668975,0.571950,-0.659347
1.525173,0.819237,2.261206,-0.669756,0.594533,-0.360453,-0.506646,0.520842,-1.221869,-0.430488
0.187120,-1.725722,-0.214007,-1.616904,1.382708,-0.842718,-1.402435,0.520842,-1.162075,2.086960
1.102630,1.950329,0.794413,0.087962,0.650831,0.604079,-0.028891,0.699315,0.751332,0.370518
-1.080509,1.667556,-0.397357,1.287683,-1.207009,1.706401,0.926617,-0.847448,-0.085784,-0.945421
-1.150933,0.724979,-0.305682,0.656251,-1.432201,0.741869,0.866898,-1.263884,0.990508,-1.117065
-0.939661,-0.783145,-0.855729,-0.227754,-0.812921,0.672974,0.389144,-1.620829,1.289477,-1.231494
-1.432628,0.159432,-0.764055,1.035110,-0.925518,0.121813,1.046056,-0.966430,1.528653,-1.231494
-1.221357,0.159432,-0.855729,0.466821,-0.644027,0.535184,0.389144,-1.323375,1.229683,-1.117065
1.877293,-0.217599,1.069437,-0.669756,0.819726,-0.842718,-1.103839,0.520842,-0.922899,0.256089
1.032206,1.479041,1.252786,-0.859186,0.707129,0.810764,0.269705,0.401861,0.631744,0.484948
1.243478,-0.500372,-1.039079,-1.806334,1.213813,-1.462774,-0.924681,1.770151,-1.162075,0.713807
1.595597,-0.029083,1.069437,-1.680048,0.707129,-0.704928,-0.685804,0.639824,-0.803311,0.484948
-0.939661,0.347948,0.061016,0.845680,-0.644027,1.017450,0.926617,-0.787957,1.528653,-1.059850
-1.291781,-0.406114,-2.139173,0.656251,-1.319605,0.466289,0.687740,-1.739811,1.648241,-1.288709
-1.291781,-0.594630,-2.505872,0.656251,-0.869219,-0.084872,0.986337,-1.501848,1.289477,-1.117065
0.187120,-1.160176,-0.397357,-0.796043,1.833093,-1.118299,-1.342716,0.818297,-1.162075,1.343169
-1.221357,0.630721,0.061016,1.035110,-0.812921,1.568611,0.926617,-0.312030,0.332774,-0.773776
-1.010085,-0.029083,-0.397357,0.782537,-0.925518,0.604079,0.448863,-1.680320,1.050302,-1.345924
-1.150933,-1.254434,-1.680801,1.161396,-1.150710,0.397394,0.986337,-1.085412,1.169889,-1.002635
-1.150933,-0.123341,-1.222428,1.035110,-1.601096,0.259603,1.225214,-1.085412,1.409065,-1.231494
1.454750,-0.877403,0.152691,-1.364332,0.763428,-1.187194,-1.103839,1.472697,-1.162075,0.599377
1.384326,-1.254434,2.352881,-0.164611,0.594533,-0.567138,-0.566365,1.115751,-0.444547,-0.544917
-0.869237,2.044587,1.069437,0.277392,-0.024747,0.535184,0.568302,0.104406,0.332774,-0.201629
-0.587542,0.159432,-0.489031,0.214248,-0.869219,0.672974,1.464091,-1.204393,0.691538,-1.231494
0.468816,-2.291269,0.152691,-1.806334,1.607900,-1.876145,-0.745523,0.877788,-1.162075,1.457598
-1.221357,-0.029083,-0.397357,0.087962,-1.375903,0.741869,0.866898,-1.739811,0.392568,-1.174280
0.891359,-1.254434,-0.122333,-1.806334,0.707129,-0.842718,-1.103839,1.948624,-0.982693,1.057095
0.327968,-1.254434,-0.489031,-1.111759,0.988620,-1.738355,-0.984400,0.282879,-1.221869,2.201390
0.257544,1.007752,1.619484,-0.038324,0.369340,-0.153767,0.150267,0.699315,-0.265166,-0.201629
1.595597,-0.123341,1.252786,-0.985472,0.369340,-1.049404,-0.864962,1.115751,-1.162075,0.828236
-1.010085,-0.029083,-1.314102,0.214248,-1.038114,0.397394,0.508582,-1.620829,0.571950,-1.345924
0.539240,-1.160176,-0.214007,-0.796043,1.833093,-0.980509,-1.342716,0.758806,-1.042487,1.285954
-1.362204,-0.029083,-0.672380,0.782537,-0.812921,0.604079,0.866898,-1.144902,1.110095,-1.231494
-0.305847,1.007752,2.077857,-0.101468,-0.306238,0.121813,-0.208049,0.461352,-0.324959,0.771022
0.539240,0.819237,0.336040,-0.606613,-0.193641,0.397394,-0.208049,0.937279,0.093598,-0.316058
-1.150933,0.159432,-0.764055,0.782537,-1.150710,0.466289,1.523811,-0.966430,1.050302,-0.773776
0.539240,-1.914238,-0.489031,-0.985472,1.720497,-0.911613,-1.163558,0.758806,-1.281663,1.114310
-0.869237,0.347948,-0.030658,1.287683,-1.150710,0.604079,0.926617,-1.085412,1.409065,-1.460353
0.891359,2.233103,1.344460,-0.101468,-0.362536,0.604079,-0.208049,0.937279,0.213186,0.828236
0.116696,-1.914238,-0.305682,-1.616904,0.932322,-1.256089,-1.103839,-0.014576,-1.341457,2.086960
-1.150933,0.347948,0.061016,0.593108,-1.094412,1.568611,0.747460,-0.966430,0.930714,-0.773776
1.454750,-0.406114,1.161111,-0.669756,0.819726,-0.498243,-0.566365,1.115751,-1.102281,0.713807
-1.573476,-0.783145,-0.947404,1.477112,-1.094412,0.328499,1.523811,-1.323375,0.392568,-0.888206
-1.362204,0.536463,-0.489031,1.287683,-1.094412,0.190708,0.448863,-1.680320,1.528653,-1.231494
1.806869,-0.217599,0.061016,-1.553761,0.763428,-1.049404,-0.984400,1.472697,-0.863105,0.656592
0.468816,-1.725722,-1.039079,-0.732900,1.326409,-0.980509,-1.402435,1.234733,-1.341457,0.828236
-1.432628,-0.029083,-0.855729,0.656251,-1.263307,0.397394,0.209986,-0.966430,1.767829,-1.403138
0.257544,-1.348691,-0.397357,-1.553761,1.101217,-1.393879,-1.342716,0.580333,-1.042487,1.800887
0.539240,1.573298,1.986182,0.529964,0.369340,0.328499,-0.088611,0.520842,0.272980,0.427733
-1.855171,-0.217599,-0.672380,0.845680,-0.925518,0.397394,1.464091,-1.561339,1.409065,-0.888206
-0.587542,0.724979,-0.030658,0.845680,-1.375903,0.810764,0.628021,-0.847448,0.571950,-0.945421
-0.164999,2.044587,1.252786,0.529964,-0.587729,0.879659,0.568302,-0.252539,0.571950,-0.373273
0.468816,1.479041,0.061016,0.529964,0.538235,0.948555,0.389144,0.401861,0.512156,0.484948
-2.136867,-0.406114,-1.955824,0.656251,-1.432201,0.328499,0.329424,-1.085412,1.528653,-1.117065
0.187120,-1.537207,-0.855729,-0.922329,1.833093,-0.980509,-1.044120,0.223388,-1.102281,1.400384
1.877293,-0.217599,1.161111,-0.985472,0.819726,-0.842718,-0.685804,1.294224,-0.982693,0.828236
0.257544,-0.971661,0.061016,-1.174902,1.101217,-1.256089,-1.462155,0.282879,-1.341457,2.201390
-1.432628,-0.217599,-0.672380,1.413969,-1.207009,0.328499,1.583530,-0.966430,1.528653,-0.945421
0.539240,-0.500372,-0.397357,-1.301188,1.326409,-1.945040,-1.163558,1.234733,-1.162075,1.514813
0.609663,0.724979,2.169532,0.214248,0.481937,0.328499,-0.208049,0.996769,-0.265166,0.484948
0.609663,1.950329,1.252786,0.529964,-0.024747,0.741869,0.389144,-0.193048,-0.265166,-0.144414
-0.798814,0.819237,-0.397357,1.350826,-0.812921,1.017450,0.747460,-0.490503,0.571950,-0.773776
-0.869237,0.159432,-0.489031,0.845680,-1.150710,0.741869,1.404372,-0.966430,1.468859,-1.231494
1.736445,0.159432,0.702738,-0.922329,0.425639,-1.807250,-0.864962,0.877788,-1.042487,0.828236
-1.221357,-0.594630,-0.672380,1.224540,-0.925518,0.466289,0.807179,-1.620829,0.990508,-1.231494
-1.080509,-0.029083,-1.222428,0.782537,-0.925518,-0.911613,0.628021,-1.144902,0.691538,-1.345924
-0.869237,0.347948,-0.030658,1.224540,-0.925518,1.637506,0.986337,-0.549994,0.571950,-0.888206
-1.432628,-0.029083,-1.222428,0.403678,-1.432201,0.535184,0.448863,-0.906939,0.870920,-1.231494
1.666021,-0.406114,-0.672380,-0.922329,0.876024,-0.704928,-0.984400,1.413206,-0.982693,0.771022
-0.446694,0.819237,-0.030658,0.908824,-0.925518,0.810764,0.448863,-0.371521,0.751332,-0.487703
0.539240,1.950329,1.069437,0.214248,0.313042,0.466289,0.508582,0.461352,0.033804,-0.373273
0.187120,-1.725722,-0.947404,-1.174902,0.369340,-1.324984,-1.402435,0.163897,-1.281663,2.086960
0.680087,-0.783145,-0.489031,-1.553761,0.425639,-1.462774,-1.402435,1.591678,-1.162075,0.084445
-1.010085,0.065175,-1.222428,1.350826,-0.981816,0.259603,1.404372,-1.263884,1.528653,-0.716562
-1.784747,-0.029083,-1.039079,1.350826,-0.756623,0.604079,0.926617,-0.966430,1.468859,-1.345924
-1.221357,0.065175,-0.855729,1.224540,-0.981816,0.535184,0.747460,-1.442357,1.588447,-1.231494
-0.164999,-1.725722,-0.030658,-1.680048,1.270111,-1.256089,-1.163558,-0.252539,-1.341457,1.629243
1.666021,-0.783145,1.252786,-1.301188,0.256744,-1.118299,-0.924681,1.056260,-1.162075,0.599377
0.539240,-0.029083,-0.397357,-1.616904,1.157515,-1.393879,-0.984400,1.353715,-1.401251,1.514813
0.680087,1.761814,1.619484,0.277392,0.707129,0.810764,0.269705,0.401861,-0.564135,0.599377
-0.869237,-0.594630,-0.855729,1.477112,-0.869219,1.017450,1.404372,-1.501848,0.631744,-0.716562
1.313902,0.724979,0.977762,-1.490618,0.538235,-0.429348,-0.626084,0.461352,-0.444547,0.313304
0.257544,-1.348691,-0.397357,-1.364332,0.988620,-1.669460,-1.342716,0.401861,-1.281663,2.086960
1.384326,0.253690,2.077857,0.024819,0.650831,-0.015977,-1.044120,0.937279,-0.444547,0.313304
-0.798814,-0.311856,-0.397357,1.098253,-0.869219,1.017450,0.508582,-0.966430,0.631744,-0.659347
-0.305847,0.630721,-0.397357,1.098253,-1.038114,1.430820,1.344653,-1.085412,1.349271,-1.117065
0.539240,-1.160176,-0.397357,-1.616904,1.270111,-1.256089,-1.462155,0.520842,-1.102281,1.972531
-1.080509,0.253690,-0.764055,1.224540,-1.038114,0.810764,0.687740,-0.847448,1.648241,-0.830991
0.750511,1.479041,1.619484,0.529964,0.087849,-0.015977,-0.446927,0.104406,-0.145578,0.427733
-0.024151,-0.971661,-0.489031,-1.553761,0.707129,-1.187194,-1.342716,0.461352,-1.401251,1.743672
1.243478,-0.029083,1.344460,-1.301188,0.594533,-0.291557,-1.282997,0.223388,-0.743517,0.599377
1.595597,-1.442949,0.427715,-1.111759,1.157515,-0.980509,-1.342716,1.175242,-0.982693,1.057095
0.609663,0.819237,1.619484,-0.417184,0.200446,0.879659,0.269705,0.461352,0.392568,0.484948
-0.164999,1.950329,1.252786,0.529964,-0.418834,0.948555,0.508582,-0.371521,0.512156,-0.487703
-1.855171,-0.406114,-1.039079,1.287683,-1.094412,0.328499,0.687740,-0.966430,0.930714,-1.403138
-0.939661,-0.783145,0.061016,0.782537,-1.038114,0.259603,1.284933,-1.144902,1.289477,-0.830991
0.820935,0.347948,1.527809,-0.101468,0.200446,0.259603,0.030828,0.758806,-0.504341,0.141659
1.525173,-1.065918,-0.122333,-1.553761,0.763428,-1.118299,-1.342716,1.532187,-0.982693,0.828236
-1.855171,0.630721,-2.047499,0.782537,-1.094412,0.466289,1.344653,-1.739811,0.990508,-0.830991
0.680087,-0.217599,-0.397357,-1.553761,1.495304,-1.187194,-1.044120,1.234733,-1.341457,1.114310
1.243478,1.479041,1.252786,0.151105,0.650831,0.741869,-0.088611,0.639824,0.691538,-0.087200
1.595597,-0.594630,1.069437,-1.301188,0.369340,-1.118299,-1.044120,1.234733,-1.341457,0.427733
1.595597,-1.537207,1.069437,-0.922329,0.932322,-0.911613,-1.044120,0.996769,-0.922899,-0.602132
0.609663,0.913494,1.344460,0.340535,0.594533,0.466289,-0.267769,0.163897,-0.384753,0.427733
1.595597,-0.311856,1.619484,-0.796043,0.594533,-0.636033,-1.044120,0.401861,-0.683723,0.484948
1.736445,-0.406114,-0.030658,-1.111759,0.313042,-1.118299,-1.342716,1.413206,-1.162075,0.656592
-0.024151,-0.500372,-0.030658,-0.985472,1.213813,-1.187194,-1.223277,1.353715,-1.221869,0.599377
0.257544,2.138845,0.427715,0.277392,-0.700325,0.466289,0.448863,-0.193048,0.512156,-0.258844
1.736445,-0.311856,-0.764055,-1.490618,0.988620,-0.704928,-1.342716,1.353715,-1.221869,0.599377
-0.798814,0.159432,-0.305682,-0.796043,-1.094412,0.397394,1.523811,-0.906939,1.409065,-1.288709
-1.150933,1.196267,0.061016,1.161396,-0.475132,1.430820,0.747460,-0.431012,0.631744,-0.087200
0.891359,1.761814,1.619484,0.340535,0.144148,-0.015977,-0.685804,0.401861,-0.085784,0.542163
-1.221357,-0.971661,-0.855729,0.340535,-0.925518,0.741869,1.404372,-1.739811,1.110095,-1.002635
0.257544,-1.819980,-0.305682,-1.427475,1.495304,-1.393879,-1.462155,0.461352,-1.281663,1.400384
0.046273,-0.594630,-0.672380,-0.985472,0.819726,-1.256089,-1.282997,0.401861,-1.281663,2.086960
-0.305847,1.667556,0.152691,0.656251,-0.249940,0.879659,0.687740,-0.193048,0.631744,-0.602132
-1.150933,-0.311856,-2.230848,1.035110,-0.981816,0.052918,0.926617,-1.025921,0.870920,-0.602132
-0.657966,0.819237,0.336040,0.971967,-1.038114,1.293030,0.747460,-0.609484,0.930714,-0.659347
0.750511,0.913494,1.436135,-0.038324,0.650831,-1.118299,-0.685804,0.342370,-0.683723,0.370518
0.750511,-0.029083,2.169532,-0.669756,0.425639,0.397394,0.030828,1.056260,-0.324959,0.599377
-1.855171,-0.123341,-1.772475,0.593108,-1.544798,0.397394,0.807179,-0.966430,0.870920,-1.231494
0.609663,-0.029083,-0.122333,-1.301188,0.763428,-1.324984,-0.924681,1.115751,-1.461045,1.114310
-0.939661,1.761814,-0.030658,1.098253,-0.362536,0.604079,0.807179,-0.193048,0.631744,-0.373273
1.454750,0.159432,2.169532,-0.290897,0.594533,-0.015977,-0.506646,0.937279,-0.683723,0.484948
1.313902,-0.783145,-0.672380,-1.553761,1.270111,-1.118299,-1.223277,1.532187,-1.042487,0.771022
0.961783,-0.688887,-0.214007,-0.922329,1.495304,-1.738355,-1.402435,1.115751,-1.102281,1.057095
-0.939661,0.724979,-0.489031,0.656251,-0.812921,-0.291557,1.523811,-1.561339,1.289477,-0.945421
1.173054,-0.688887,0.519389,-1.238045,0.538235,-0.222662,-0.685804,0.639824,-0.504341,0.427733
-0.869237,0.630721,-0.489031,0.719394,-1.038114,0.672974,1.105775,-1.025921,0.811126,-0.830991
1.525173,-0.783145,0.244365,-0.922329,0.932322,-0.980509,-1.163558,1.472697,-1.162075,0.542163
-0.164999,1.761814,1.436135,-0.101468,0.988620,-0.429348,-0.208049,-0.133557,0.093598,0.141659
1.173054,1.667556,1.436135,0.214248,-0.249940,0.052918,-0.088611,0.044915,-0.324959,0.656592
-0.939661,0.819237,-0.030658,1.098253,-0.587729,1.499716,0.090547,-0.133557,0.571950,-1.117065
0.750511,0.913494,1.344460,0.277392,0.425639,0.328499,0.389144,0.639824,-0.085784,0.771022
-1.010085,1.196267,-0.305682,0.151105,-0.869219,0.879659,1.046056,-0.787957,1.528653,-1.117065
0.187120,0.442206,0.794413,0.466821,0.538235,0.466289,0.747460,0.163897,0.631744,-0.316058
-0.024151,0.819237,-0.672380,1.161396,-0.531430,1.224135,0.389144,0.044915,0.272980,-0.373273
1.173054,0.065175,2.169532,-0.101468,0.425639,0.672974,-0.446927,0.044915,-0.324959,0.656592
-1.080509,-0.217599,-1.405777,0.277392,-1.038114,0.328499,0.568302,-1.085412,0.811126,-1.403138
-1.150933,0.442206,-1.039079,1.161396,-1.150710,-0.291557,1.284933,-1.144902,1.409065,-0.945421
-1.010085,-0.406114,-0.672380,1.098253,-0.925518,0.328499,1.284933,-1.561339,1.409065,-1.231494
0.680087,-0.877403,-0.030658,-0.859186,0.988620,-0.842718,-0.924681,0.282879,-1.281663,1.686457
0.257544,-0.688887,-0.214007,-1.490618,1.157515,-1.600565,-1.163558,0.639824,-1.341457,0.828236
-1.010085,0.819237,-0.305682,1.035110,-0.981816,0.879659,0.687740,-1.085412,1.409065,-0.830991
1.666021,-1.065918,0.061016,-0.922329,0.819726,-1.738355,-1.282997,1.353715,-1.401251,0.885451
-0.446694,0.724979,-0.030658,0.908824,-1.319605,1.017450,1.284933,-0.728466,1.648241,-0.830991
0.891359,-2.102753,-0.397357,-1.364332,1.101217,-1.462774,-0.805242,1.294224,-1.221869,0.656592
0.680087,1.761814,1.252786,0.466821,0.369340,0.190708,-0.088611,0.461352,0.093598,0.484948
0.961783,0.159432,2.261206,0.087962,0.594533,-0.222662,-1.402435,0.520842,-0.444547,0.427733
0.187120,-1.914238,-0.672380,-1.427475,1.044918,-1.324984,-1.342716,0.163897,-1.281663,1.972531
0.539240,1.573298,2.077857,0.340535,-0.418834,0.259603,-0.208049,0.401861,-0.324959,0.427733
-1.010085,0.630721,0.061016,1.224540,-0.587729,1.844191,1.284933,-0.490503,0.811126,-1.174280
0.187120,-1.442949,-0.305682,-0.859186,0.707129,-0.980509,-1.462155,0.401861,-1.341457,2.315819
1.173054,-0.500372,-0.489031,-0.796043,0.763428,-1.393879,-1.282997,1.889133,-1.162075,0.713807
1.243478,-1.631465,-0.397357,-1.174902,1.101217,-1.118299,-1.223277,1.770151,-1.162075,0.427733
0.680087,0.724979,2.352881,0.593108,0.425639,0.672974,0.329424,0.163897,0.512156,0.198874
-1.432628,-0.217599,-0.397357,1.287683,-0.869219,0.190708,1.464091,-1.025921,0.631744,-0.888206
-0.446694,-0.123341,-0.030658,1.287683,-1.038114,1.017450,1.105775,-0.966430,0.930714,-0.773776
1.595597,-1.348691,1.619484,-0.669756,1.044918,-0.360453,-0.566365,0.758806,-1.162075,0.713807
0.609663,1.761814,1.069437,0.340535,0.369340,0.741869,0.329424,-0.014576,0.213186,-0.830991
-1.150933,0.159432,-0.672380,0.782537,-0.869219,0.604079,1.284933,-1.085412,1.169889,-0.773776
0.116696,0.630721,0.702738,-0.290897,0.538235,0.466289,0.269705,0.223388,0.631744,-0.029985
1.454750,-0.688887,-0.580706,-1.743191,1.213813,-0.842718,-1.044120,1.948624,-0.863105,0.771022
0.116696,0.442206,1.711159,-0.417184,0.538235,0.121813,-0.208049,0.520842,-0.324959,0.713807
0.820935,0.724979,1.802833,0.024819,0.538235,0.397394,-0.148330,0.461352,-1.102281,0.542163
0.398392,-1.631465,-0.489031,-0.922329,1.495304,-1.393879,-1.282997,0.401861,-1.341457,1.228739
0.539240,-0.217599,-0.030658,-1.238045,1.495304,-1.118299,-0.864962,1.294224,-1.341457,1.285954
-1.291781,-0.217599,-0.672380,0.277392,-0.981816,0.672974,0.508582,-1.501848,1.050302,-1.231494
-1.150933,-0.783145,-1.589126,0.593108,-1.319605,-0.222662,0.986337,-1.442357,1.409065,-1.231494
1.736445,0.065175,0.702738,-1.743191,0.481937,-1.807250,-0.626084,0.520842,-1.102281,0.771022
0.116696,-1.914238,0.061016,-1.364332,1.776795,-1.324984,-1.462155,0.877788,-1.221869,1.400384
0.398392,-1.160176,-0.122333,-1.616904,1.101217,-1.393879,-1.282997,0.877788,-1.341457,0.942666
-0.305847,1.007752,-0.397357,1.287683,-0.587729,1.706401,0.389144,-1.263884,0.392568,-0.373273
-0.305847,0.724979,-0.214007,1.287683,-0.756623,1.913086,0.986337,-0.490503,0.870920,-0.544917
